customer_id,recency,frequency,monetary,avg_quantity,avg_discount,avg_unit_price
C100000,225,1,100684.0,4.0,0.0,25171.0
C100001,193,1,65983.2,4.0,5.0,17364.0
C100002,102,1,259411.75,5.0,5.0,54613.0
C100003,160,1,24071.1,1.0,5.0,25338.0
C100004,173,1,32973.2,1.0,15.0,38792.0
C100005,145,1,290920.0,5.0,20.0,72730.0
C100006,108,1,41705.25,1.0,15.0,49065.0
C100007,220,1,108085.0,5.0,0.0,21617.0
C100008,330,1,160076.25,3.0,15.0,62775.0
C100009,319,1,7219.05,3.0,15.0,2831.0
C100010,12,1,98083.2,3.0,20.0,40868.0
C100011,102,1,24672.0,4.0,20.0,7710.0
C100012,305,1,71536.0,5.0,15.0,16832.0
C100013,173,1,258043.5,5.0,10.0,57343.0
C100014,347,1,53997.0,3.0,0.0,17999.0
C100015,242,1,83097.9,3.0,10.0,30777.0
C100016,108,1,204482.75,5.0,5.0,43049.0
C100017,307,1,76456.0,5.0,5.0,16096.0
C100018,103,1,69737.6,4.0,5.0,18352.0
C100019,85,1,574.4,1.0,20.0,718.0
C100020,243,1,57534.3,3.0,10.0,21309.0
C100021,226,1,90638.55,3.0,5.0,31803.0
C100022,168,1,43549.9,2.0,5.0,22921.0
C100023,73,1,108157.5,2.0,5.0,56925.0
C100024,211,1,177272.0,4.0,0.0,44318.0
C100025,95,1,138510.0,3.0,5.0,48600.0
C100026,42,1,323070.0,5.0,0.0,64614.0
C100027,230,1,208290.0,5.0,0.0,41658.0
C100028,339,1,89492.85,3.0,5.0,31401.0
C100029,309,1,158752.8,3.0,20.0,66147.0
C100030,218,1,220139.8,4.0,15.0,64747.0
C100031,185,1,15299.2,2.0,20.0,9562.0
C100032,103,1,51196.0,1.0,20.0,63995.0
C100033,313,1,216920.0,5.0,15.0,51040.0
C100034,229,1,17656.2,3.0,15.0,6924.0
C100035,302,1,136454.4,4.0,20.0,42642.0
C100036,160,1,54396.0,4.0,0.0,13599.0
C100037,210,1,297418.5,5.0,10.0,66093.0
C100038,40,1,250910.2,4.0,5.0,66029.0
C100039,222,1,167420.0,5.0,20.0,41855.0
C100040,336,1,109303.2,2.0,15.0,64296.0
C100041,160,1,49913.6,1.0,20.0,62392.0
C100042,312,1,156258.0,3.0,0.0,52086.0
C100043,12,1,56202.0,5.0,5.0,11832.0
C100044,102,1,326106.0,5.0,10.0,72468.0
C100045,78,1,57936.0,4.0,0.0,14484.0
C100046,160,1,293743.0,5.0,15.0,69116.0
C100047,331,1,217782.0,5.0,10.0,48396.0
C100048,319,1,49756.25,1.0,5.0,52375.0
C100049,14,1,50439.0,4.0,15.0,14835.0
C100050,207,1,30655.25,1.0,15.0,36065.0
C100051,320,1,135247.5,5.0,10.0,30055.0
C100052,5,1,60361.2,4.0,10.0,16767.0
C100053,163,1,127216.8,4.0,10.0,35338.0
C100054,133,1,54542.35,1.0,5.0,57413.0
C100055,203,1,40714.4,1.0,20.0,50893.0
C100056,203,1,374822.5,5.0,5.0,78910.0
C100057,93,1,151185.6,4.0,10.0,41996.0
C100058,283,1,127636.0,2.0,0.0,63818.0
C100059,115,1,320031.0,5.0,10.0,71118.0
C100060,292,1,185765.0,5.0,0.0,37153.0
C100061,92,1,129137.4,2.0,10.0,71743.0
C100062,108,1,65238.4,2.0,20.0,40774.0
C100063,255,1,120475.6,2.0,15.0,70868.0
C100064,119,1,36084.0,3.0,0.0,12028.0
C100065,185,1,99341.2,4.0,15.0,29218.0
C100066,37,1,12392.75,1.0,5.0,13045.0
C100067,6,1,50007.05,1.0,5.0,52639.0
C100068,144,1,133336.8,2.0,10.0,74076.0
C100069,158,1,173973.75,3.0,15.0,68225.0
C100070,201,1,244324.0,5.0,20.0,61081.0
C100071,126,1,39020.4,2.0,10.0,21678.0
C100072,234,1,102062.4,3.0,20.0,42526.0
C100073,145,1,3108.8,2.0,20.0,1943.0
C100074,133,1,218689.05,3.0,5.0,76733.0
C100075,172,1,186903.0,5.0,10.0,41534.0
C100076,92,1,103204.8,3.0,10.0,38224.0
C100077,19,1,49785.6,4.0,20.0,15558.0
C100078,130,1,37645.2,4.0,10.0,10457.0
C100079,53,1,30436.8,1.0,20.0,38046.0
C100080,243,1,150092.4,3.0,5.0,52664.0
C100081,171,1,53023.0,4.0,15.0,15595.0
C100082,333,1,22059.0,3.0,5.0,7740.0
C100083,14,1,14884.8,1.0,20.0,18606.0
C100084,56,1,16202.25,5.0,5.0,3411.0
C100085,107,1,211837.5,5.0,10.0,47075.0
C100086,133,1,39697.6,2.0,20.0,24811.0
C100087,52,1,88738.2,3.0,10.0,32866.0
C100088,102,1,131322.6,2.0,10.0,72957.0
C100089,34,1,132940.0,2.0,0.0,66470.0
C100090,359,1,228513.0,4.0,5.0,60135.0
C100091,7,1,119998.4,2.0,20.0,74999.0
C100092,2,1,23824.1,2.0,5.0,12539.0
C100093,69,1,6393.6,1.0,20.0,7992.0
C100094,356,1,30842.1,3.0,10.0,11423.0
C100095,8,1,72702.2,2.0,15.0,42766.0
C100096,239,1,171180.0,3.0,0.0,57060.0
C100097,354,1,21153.6,1.0,20.0,26442.0
C100098,194,1,36590.4,2.0,20.0,22869.0
C100099,85,1,282949.2,4.0,10.0,78597.0
C100100,309,1,39876.05,1.0,15.0,46913.0
C100101,203,1,305696.0,5.0,20.0,76424.0
C100102,122,1,91340.0,4.0,0.0,22835.0
C100103,126,1,30310.2,2.0,10.0,16839.0
C100104,126,1,45548.8,2.0,20.0,28468.0
C100105,278,1,103468.0,2.0,0.0,51734.0
C100106,49,1,116864.25,5.0,5.0,24603.0
C100107,292,1,42667.45,1.0,15.0,50197.0
C100108,318,1,184950.75,3.0,5.0,64895.0
C100109,17,1,205768.0,5.0,20.0,51442.0
C100110,29,1,85358.7,2.0,15.0,50211.0
C100111,168,1,190236.8,4.0,20.0,59449.0
C100112,304,1,193900.0,5.0,20.0,48475.0
C100113,82,1,21883.2,3.0,20.0,9118.0
C100114,25,1,54921.6,2.0,20.0,34326.0
C100115,80,1,39447.9,1.0,10.0,43831.0
C100116,117,1,46889.4,2.0,15.0,27582.0
C100117,127,1,48305.6,2.0,5.0,25424.0
C100118,113,1,14038.4,2.0,20.0,8774.0
C100119,123,1,81111.6,2.0,10.0,45062.0
C100120,173,1,81936.6,4.0,15.0,24099.0
C100121,89,1,52424.0,5.0,20.0,13106.0
C100122,77,1,66984.0,4.0,0.0,16746.0
C100123,279,1,34711.2,4.0,10.0,9642.0
C100124,58,1,962.2,4.0,15.0,283.0
C100125,144,1,210908.8,4.0,15.0,62032.0
C100126,139,1,35892.0,4.0,10.0,9970.0
C100127,12,1,3153.6,1.0,20.0,3942.0
C100128,68,1,383795.0,5.0,0.0,76759.0
C100129,50,1,71628.0,3.0,0.0,23876.0
C100130,115,1,52676.55,1.0,5.0,55449.0
C100131,305,1,59895.0,5.0,0.0,11979.0
C100132,142,1,100114.8,4.0,5.0,26346.0
C100133,59,1,177057.0,5.0,10.0,39346.0
C100134,230,1,59296.5,5.0,10.0,13177.0
C100135,337,1,29275.0,1.0,0.0,29275.0
C100136,197,1,145116.3,2.0,5.0,76377.0
C100137,39,1,168520.0,5.0,0.0,33704.0
C100138,351,1,73593.0,2.0,10.0,40885.0
C100139,357,1,26140.0,1.0,0.0,26140.0
C100140,342,1,126638.1,3.0,10.0,46903.0
C100141,332,1,211527.0,4.0,5.0,55665.0
C100142,347,1,273312.0,5.0,10.0,60736.0
C100143,208,1,235976.0,5.0,20.0,58994.0
C100144,207,1,319505.0,5.0,0.0,63901.0
C100145,84,1,7507.2,1.0,20.0,9384.0
C100146,227,1,13540.0,2.0,0.0,6770.0
C100147,164,1,114695.4,3.0,5.0,40244.0
C100148,341,1,27180.8,4.0,20.0,8494.0
C100149,177,1,320867.25,5.0,5.0,67551.0
C100150,152,1,32602.0,1.0,0.0,32602.0
C100151,38,1,11502.0,3.0,0.0,3834.0
C100152,161,1,138424.5,5.0,10.0,30761.0
C100153,244,1,182515.2,4.0,20.0,57036.0
C100154,332,1,199904.0,4.0,0.0,49976.0
C100155,347,1,185479.2,3.0,20.0,77283.0
C100156,283,1,916.3,1.0,15.0,1078.0
C100157,221,1,135305.6,4.0,20.0,42283.0
C100158,193,1,53563.85,1.0,5.0,56383.0
C100159,181,1,57017.1,2.0,5.0,30009.0
C100160,205,1,159439.2,3.0,20.0,66433.0
C100161,362,1,51622.2,2.0,10.0,28679.0
C100162,120,1,254.4,1.0,20.0,318.0
C100163,122,1,21307.8,4.0,15.0,6267.0
C100164,154,1,107096.6,4.0,15.0,31499.0
C100165,74,1,124465.5,5.0,10.0,27659.0
C100166,145,1,168257.5,5.0,15.0,39590.0
C100167,351,1,133770.45,3.0,15.0,52459.0
C100168,300,1,139856.0,4.0,0.0,34964.0
C100169,64,1,144136.8,4.0,10.0,40038.0
C100170,218,1,63070.2,1.0,10.0,70078.0
C100171,70,1,309829.25,5.0,15.0,72901.0
C100172,240,1,67417.2,4.0,10.0,18727.0
C100173,140,1,181347.4,4.0,5.0,47723.0
C100174,105,1,176114.4,3.0,20.0,73381.0
C100175,284,1,134585.6,4.0,20.0,42058.0
C100176,298,1,209116.8,4.0,10.0,58088.0
C100177,225,1,25347.0,2.0,15.0,14910.0
C100178,35,1,34157.25,3.0,15.0,13395.0
C100179,69,1,28724.05,1.0,15.0,33793.0
C100180,121,1,38835.0,1.0,10.0,43150.0
C100181,80,1,19072.0,4.0,0.0,4768.0
C100182,49,1,17145.6,4.0,20.0,5358.0
C100183,91,1,19380.0,1.0,0.0,19380.0
C100184,138,1,109334.4,4.0,20.0,34167.0
C100185,146,1,15622.4,2.0,20.0,9764.0
C100186,131,1,63171.2,2.0,20.0,39482.0
C100187,119,1,69912.4,1.0,5.0,73592.0
C100188,35,1,40208.0,5.0,20.0,10052.0
C100189,207,1,142735.4,4.0,15.0,41981.0
C100190,318,1,108640.0,5.0,0.0,21728.0
C100191,233,1,65104.0,5.0,20.0,16276.0
C100192,18,1,115009.6,2.0,20.0,71881.0
C100193,115,1,226788.75,3.0,5.0,79575.0
C100194,176,1,20419.2,3.0,20.0,8508.0
C100195,364,1,102377.6,4.0,20.0,31993.0
C100196,187,1,44960.0,2.0,0.0,22480.0
C100197,346,1,197242.5,3.0,15.0,77350.0
C100198,292,1,205648.0,4.0,20.0,64265.0
C100199,50,1,107262.6,4.0,5.0,28227.0
C100200,256,1,92691.0,3.0,0.0,30897.0
C100201,145,1,147895.2,4.0,10.0,41082.0
C100202,240,1,107783.4,3.0,15.0,42268.0
C100203,47,1,50867.4,1.0,15.0,59844.0
C100204,327,1,20964.4,2.0,15.0,12332.0
C100205,17,1,53728.5,2.0,15.0,31605.0
C100206,123,1,72660.0,3.0,20.0,30275.0
C100207,101,1,194360.0,5.0,20.0,48590.0
C100208,274,1,8281.6,1.0,20.0,10352.0
C100209,192,1,18065.9,1.0,15.0,21254.0
C100210,233,1,59496.0,2.0,0.0,29748.0
C100211,4,1,140715.0,3.0,0.0,46905.0
C100212,354,1,27824.0,5.0,20.0,6956.0
C100213,313,1,66744.9,1.0,10.0,74161.0
C100214,50,1,158931.3,3.0,15.0,62326.0
C100215,286,1,115212.6,2.0,10.0,64007.0
C100216,284,1,178546.75,5.0,15.0,42011.0
C100217,210,1,97596.0,4.0,10.0,27110.0
C100218,301,1,195606.0,4.0,10.0,54335.0
C100219,95,1,70443.2,2.0,20.0,44027.0
C100220,33,1,67696.2,2.0,10.0,37609.0
C100221,138,1,56661.8,1.0,5.0,59644.0
C100222,180,1,281932.0,5.0,20.0,70483.0
C100223,12,1,86204.8,4.0,20.0,26939.0
C100224,90,1,21070.05,1.0,5.0,22179.0
C100225,313,1,121212.0,2.0,0.0,60606.0
C100226,65,1,219577.5,5.0,10.0,48795.0
C100227,21,1,119028.0,3.0,0.0,39676.0
C100228,58,1,39317.6,4.0,15.0,11564.0
C100229,58,1,91724.4,2.0,5.0,48276.0
C100230,295,1,148224.0,3.0,0.0,49408.0
C100231,349,1,160822.65,3.0,5.0,56429.0
C100232,139,1,261573.0,5.0,5.0,55068.0
C100233,112,1,262555.2,4.0,10.0,72932.0
C100234,365,1,63379.4,1.0,15.0,74564.0
C100235,305,1,24800.4,1.0,10.0,27556.0
C100236,179,1,34072.2,2.0,10.0,18929.0
C100237,31,1,137780.0,5.0,20.0,34445.0
C100238,293,1,229282.4,4.0,15.0,67436.0
C100239,39,1,357257.0,5.0,5.0,75212.0
C100240,2,1,84218.4,3.0,10.0,31192.0
C100241,265,1,242380.0,5.0,0.0,48476.0
C100242,80,1,18387.0,2.0,10.0,10215.0
C100243,180,1,129203.1,3.0,10.0,47853.0
C100244,295,1,108003.2,4.0,20.0,33751.0
C100245,135,1,60952.5,1.0,10.0,67725.0
C100246,91,1,12586.8,1.0,15.0,14808.0
C100247,351,1,249820.8,4.0,20.0,78069.0
C100248,93,1,125004.0,5.0,20.0,31251.0
C100249,190,1,174210.0,5.0,0.0,34842.0
C100250,352,1,21620.0,1.0,20.0,27025.0
C100251,66,1,239577.0,3.0,0.0,79859.0
C100252,229,1,43360.2,1.0,15.0,51012.0
C100253,365,1,76750.0,1.0,0.0,76750.0
C100254,355,1,109829.5,5.0,5.0,23122.0
C100255,109,1,225776.0,4.0,0.0,56444.0
C100256,246,1,105885.9,3.0,10.0,39217.0
C100257,128,1,139610.1,2.0,5.0,73479.0
C100258,113,1,364865.0,5.0,0.0,72973.0
C100259,221,1,50950.8,4.0,10.0,14153.0
C100260,51,1,9071.55,1.0,5.0,9549.0
C100261,165,1,46992.6,2.0,10.0,26107.0
C100262,131,1,39912.0,1.0,0.0,39912.0
C100263,241,1,15363.2,2.0,20.0,9602.0
C100264,98,1,90429.8,4.0,15.0,26597.0
C100265,362,1,9746.05,1.0,5.0,10259.0
C100266,36,1,110828.0,2.0,0.0,55414.0
C100267,174,1,117130.0,2.0,15.0,68900.0
C100268,123,1,36555.3,3.0,10.0,13539.0
C100269,142,1,92958.0,3.0,0.0,30986.0
C100270,302,1,12770.4,3.0,15.0,5008.0
C100271,289,1,314876.0,4.0,0.0,78719.0
C100272,236,1,60598.8,3.0,10.0,22444.0
C100273,114,1,29936.7,1.0,10.0,33263.0
C100274,192,1,109657.6,4.0,20.0,34268.0
C100275,167,1,89054.4,2.0,20.0,55659.0
C100276,249,1,271726.6,4.0,5.0,71507.0
C100277,295,1,284611.5,5.0,10.0,63247.0
C100278,63,1,40846.2,4.0,5.0,10749.0
C100279,309,1,108020.8,2.0,20.0,67513.0
C100280,91,1,139492.0,4.0,0.0,34873.0
C100281,217,1,281932.0,5.0,20.0,70483.0
C100282,343,1,146786.4,3.0,20.0,61161.0
C100283,265,1,216539.2,4.0,15.0,63688.0
C100284,317,1,179206.4,4.0,20.0,56002.0
C100285,150,1,123129.0,3.0,0.0,41043.0
C100286,246,1,296959.5,5.0,10.0,65991.0
C100287,135,1,239232.5,5.0,15.0,56290.0
C100288,204,1,109636.2,3.0,10.0,40606.0
C100289,152,1,187618.8,4.0,15.0,55182.0
C100290,76,1,159465.0,3.0,0.0,53155.0
C100291,359,1,168559.2,4.0,10.0,46822.0
C100292,179,1,143771.1,2.0,5.0,75669.0
C100293,171,1,61016.0,5.0,20.0,15254.0
C100294,81,1,25962.4,4.0,15.0,7636.0
C100295,288,1,329587.5,5.0,15.0,77550.0
C100296,303,1,4462.2,2.0,10.0,2479.0
C100297,58,1,89415.9,3.0,5.0,31374.0
C100298,95,1,150998.7,3.0,5.0,52982.0
C100299,21,1,117174.4,4.0,20.0,36617.0
C100300,148,1,11224.8,1.0,20.0,14031.0
C100301,312,1,348445.0,5.0,0.0,69689.0
C100302,80,1,9554.15,1.0,5.0,10057.0
C100303,225,1,17928.0,4.0,0.0,4482.0
C100304,141,1,13702.8,4.0,5.0,3606.0
C100305,291,1,32698.8,4.0,10.0,9083.0
C100306,226,1,33628.1,1.0,5.0,35398.0
C100307,138,1,90182.4,2.0,20.0,56364.0
C100308,218,1,20847.6,2.0,10.0,11582.0
C100309,100,1,20727.1,2.0,5.0,10909.0
C100310,202,1,77900.4,3.0,10.0,28852.0
C100311,130,1,22752.0,3.0,20.0,9480.0
C100312,113,1,74930.4,3.0,10.0,27752.0
C100313,124,1,157283.2,4.0,20.0,49151.0
C100314,64,1,9573.15,1.0,5.0,10077.0
C100315,67,1,174882.4,4.0,15.0,51436.0
C100316,229,1,184318.05,3.0,5.0,64673.0
C100317,150,1,98922.6,3.0,10.0,36638.0
C100318,170,1,17224.2,2.0,10.0,9569.0
C100319,114,1,36011.95,1.0,15.0,42367.0
C100320,240,1,206562.3,3.0,5.0,72478.0
C100321,19,1,297396.0,5.0,20.0,74349.0
C100322,224,1,205073.1,3.0,10.0,75953.0
C100323,57,1,136942.5,2.0,5.0,72075.0
C100324,366,1,144919.8,3.0,10.0,53674.0
C100325,365,1,169270.05,3.0,5.0,59393.0
C100326,17,1,103884.0,5.0,20.0,25971.0
C100327,89,1,45936.0,5.0,10.0,10208.0
C100328,190,1,143575.4,2.0,5.0,75566.0
C100329,363,1,74885.0,1.0,0.0,74885.0
C100330,204,1,70128.0,5.0,10.0,15584.0
C100331,195,1,15376.8,3.0,20.0,6407.0
C100332,51,1,54870.4,2.0,20.0,34294.0
C100333,207,1,178707.6,4.0,10.0,49641.0
C100334,53,1,70205.0,5.0,5.0,14780.0
C100335,195,1,29853.9,1.0,10.0,33171.0
C100336,147,1,246003.6,4.0,15.0,72354.0
C100337,350,1,163021.5,5.0,15.0,38358.0
C100338,42,1,314480.0,5.0,20.0,78620.0
C100339,281,1,85568.4,4.0,10.0,23769.0
C100340,37,1,70992.55,1.0,5.0,74729.0
C100341,127,1,92905.0,5.0,0.0,18581.0
C100342,257,1,186082.2,4.0,5.0,48969.0
C100343,200,1,14206.5,1.0,10.0,15785.0
C100344,102,1,46645.2,2.0,10.0,25914.0
C100345,169,1,126940.0,5.0,20.0,31735.0
C100346,289,1,37852.8,1.0,20.0,47316.0
C100347,121,1,113582.0,2.0,5.0,59780.0
C100348,361,1,27032.0,1.0,0.0,27032.0
C100349,96,1,35666.0,1.0,0.0,35666.0
C100350,253,1,127323.2,4.0,15.0,37448.0
C100351,16,1,46766.4,2.0,20.0,29229.0
C100352,147,1,10295.2,1.0,20.0,12869.0
C100353,190,1,311724.75,5.0,15.0,73347.0
C100354,14,1,129918.0,3.0,0.0,43306.0
C100355,314,1,94588.0,5.0,20.0,23647.0
C100356,310,1,156149.25,3.0,15.0,61235.0
C100357,49,1,109297.5,2.0,5.0,57525.0
C100358,310,1,70524.0,5.0,20.0,17631.0
C100359,165,1,70308.8,2.0,20.0,43943.0
C100360,130,1,143996.8,4.0,20.0,44999.0
C100361,200,1,323964.75,5.0,15.0,76227.0
C100362,198,1,62551.8,1.0,10.0,69502.0
C100363,301,1,81435.0,5.0,0.0,16287.0
C100364,151,1,386620.0,5.0,0.0,77324.0
C100365,85,1,52975.2,3.0,20.0,22073.0
C100366,7,1,56794.5,5.0,10.0,12621.0
C100367,184,1,17834.4,3.0,20.0,7431.0
C100368,46,1,3173.9,1.0,15.0,3734.0
C100369,364,1,202002.0,3.0,0.0,67334.0
C100370,243,1,137198.0,2.0,0.0,68599.0
C100371,227,1,55030.65,3.0,5.0,19309.0
C100372,274,1,61934.4,4.0,15.0,18216.0
C100373,141,1,138357.6,3.0,20.0,57649.0
C100374,66,1,36472.0,2.0,0.0,18236.0
C100375,223,1,108801.6,3.0,5.0,38176.0
C100376,165,1,106410.6,2.0,10.0,59117.0
C100377,209,1,227209.6,4.0,5.0,59792.0
C100378,10,1,122746.8,2.0,15.0,72204.0
C100379,244,1,395475.0,5.0,0.0,79095.0
C100380,4,1,5995.8,1.0,10.0,6662.0
C100381,265,1,93189.75,3.0,15.0,36545.0
C100382,365,1,10496.55,3.0,5.0,3683.0
C100383,94,1,258375.6,4.0,10.0,71771.0
C100384,96,1,45425.0,1.0,0.0,45425.0
C100385,313,1,63121.5,1.0,10.0,70135.0
C100386,53,1,73854.0,5.0,10.0,16412.0
C100387,121,1,169615.8,4.0,15.0,49887.0
C100388,317,1,217385.6,4.0,20.0,67933.0
C100389,243,1,4982.4,2.0,10.0,2768.0
C100390,268,1,310000.5,5.0,10.0,68889.0
C100391,69,1,382415.0,5.0,0.0,76483.0
C100392,238,1,57917.3,2.0,15.0,34069.0
C100393,279,1,60540.4,2.0,15.0,35612.0
C100394,79,1,29449.1,1.0,15.0,34646.0
C100395,48,1,129171.6,2.0,10.0,71762.0
C100396,265,1,59714.15,1.0,5.0,62857.0
C100397,172,1,242325.0,5.0,0.0,48465.0
C100398,325,1,113629.5,5.0,10.0,25251.0
C100399,138,1,60965.6,1.0,20.0,76207.0
C100400,229,1,42647.9,2.0,15.0,25087.0
C100401,91,1,936.8,1.0,20.0,1171.0
C100402,274,1,31475.0,1.0,0.0,31475.0
C100403,147,1,2815.2,3.0,20.0,1173.0
C100404,35,1,57818.4,3.0,20.0,24091.0
C100405,104,1,66823.95,3.0,5.0,23447.0
C100406,312,1,168478.5,5.0,15.0,39642.0
C100407,336,1,30979.8,3.0,10.0,11474.0
C100408,3,1,133458.0,2.0,0.0,66729.0
C100409,62,1,7393.5,1.0,10.0,8215.0
C100410,299,1,16040.0,2.0,0.0,8020.0
C100411,13,1,41552.0,1.0,20.0,51940.0
C100412,175,1,263055.0,5.0,5.0,55380.0
C100413,209,1,99084.0,3.0,0.0,33028.0
C100414,317,1,253162.8,4.0,10.0,70323.0
C100415,151,1,1866.75,5.0,5.0,393.0
C100416,122,1,52246.2,4.0,5.0,13749.0
C100417,213,1,169728.0,5.0,20.0,42432.0
C100418,38,1,231879.0,3.0,0.0,77293.0
C100419,105,1,3993.8,4.0,5.0,1051.0
C100420,82,1,199948.5,3.0,10.0,74055.0
C100421,310,1,119639.2,4.0,15.0,35188.0
C100422,173,1,280692.0,5.0,10.0,62376.0
C100423,123,1,23289.15,1.0,15.0,27399.0
C100424,336,1,206628.8,4.0,5.0,54376.0
C100425,41,1,196317.0,5.0,10.0,43626.0
C100426,36,1,60858.0,1.0,0.0,60858.0
C100427,112,1,59448.0,1.0,0.0,59448.0
C100428,276,1,4918.4,4.0,20.0,1537.0
C100429,146,1,108491.4,3.0,10.0,40182.0
C100430,195,1,7364.0,1.0,20.0,9205.0
C100431,81,1,36918.9,2.0,5.0,19431.0
C100432,110,1,18966.6,2.0,10.0,10537.0
C100433,7,1,22867.2,1.0,20.0,28584.0
C100434,110,1,174997.6,4.0,5.0,46052.0
C100435,330,1,320271.5,5.0,15.0,75358.0
C100436,185,1,159823.8,3.0,10.0,59194.0
C100437,102,1,23731.2,2.0,10.0,13184.0
C100438,220,1,1342.8,1.0,10.0,1492.0
C100439,173,1,337720.5,5.0,10.0,75049.0
C100440,249,1,12403.2,4.0,20.0,3876.0
C100441,113,1,255984.0,5.0,20.0,63996.0
C100442,42,1,87268.0,2.0,0.0,43634.0
C100443,97,1,133604.0,2.0,0.0,66802.0
C100444,67,1,266841.0,5.0,10.0,59298.0
C100445,169,1,156750.0,5.0,5.0,33000.0
C100446,210,1,192431.5,5.0,15.0,45278.0
C100447,37,1,67384.6,1.0,15.0,79276.0
C100448,333,1,113440.0,4.0,20.0,35450.0
C100449,61,1,125346.8,2.0,5.0,65972.0
C100450,207,1,34745.4,1.0,10.0,38606.0
C100451,290,1,5628.6,1.0,10.0,6254.0
C100452,102,1,204837.25,5.0,15.0,48197.0
C100453,309,1,12414.6,2.0,10.0,6897.0
C100454,107,1,33924.0,4.0,0.0,8481.0
C100455,93,1,287802.0,5.0,10.0,63956.0
C100456,343,1,143728.0,5.0,20.0,35932.0
C100457,82,1,101750.4,3.0,20.0,42396.0
C100458,358,1,146220.8,4.0,20.0,45694.0
C100459,219,1,115148.8,2.0,20.0,71968.0
C100460,73,1,229952.25,5.0,5.0,48411.0
C100461,322,1,95478.8,2.0,15.0,56164.0
C100462,222,1,32518.5,1.0,5.0,34230.0
C100463,205,1,14370.0,3.0,0.0,4790.0
C100464,89,1,117192.0,3.0,20.0,48830.0
C100465,269,1,13787.0,1.0,15.0,16220.0
C100466,170,1,103650.3,3.0,10.0,38389.0
C100467,61,1,57801.6,4.0,20.0,18063.0
C100468,342,1,149842.0,2.0,0.0,74921.0
C100469,136,1,159729.2,4.0,5.0,42034.0
C100470,206,1,215524.8,4.0,10.0,59868.0
C100471,287,1,49963.85,1.0,15.0,58781.0
C100472,252,1,216097.2,4.0,10.0,60027.0
C100473,242,1,105582.0,2.0,0.0,52791.0
C100474,344,1,114354.0,2.0,10.0,63530.0
C100475,189,1,234887.5,5.0,5.0,49450.0
C100476,118,1,197308.8,3.0,15.0,77376.0
C100477,6,1,48161.0,2.0,15.0,28330.0
C100478,323,1,175257.9,3.0,5.0,61494.0
C100479,102,1,110220.8,4.0,20.0,34444.0
C100480,184,1,196227.0,5.0,10.0,43606.0
C100481,230,1,114764.0,5.0,20.0,28691.0
C100482,152,1,9904.0,2.0,0.0,4952.0
C100483,179,1,98720.7,3.0,15.0,38714.0
C100484,137,1,241627.75,5.0,5.0,50869.0
C100485,220,1,30435.1,1.0,15.0,35806.0
C100486,278,1,68419.0,2.0,5.0,36010.0
C100487,12,1,13648.0,1.0,20.0,17060.0
C100488,24,1,75139.3,1.0,5.0,79094.0
C100489,61,1,52888.0,1.0,0.0,52888.0
C100490,344,1,26625.65,1.0,5.0,28027.0
C100491,21,1,219316.0,4.0,0.0,54829.0
C100492,226,1,11313.6,3.0,20.0,4714.0
C100493,56,1,117491.25,5.0,5.0,24735.0
C100494,27,1,84336.0,4.0,20.0,26355.0
C100495,33,1,145356.0,3.0,0.0,48452.0
C100496,273,1,16190.8,2.0,15.0,9524.0
C100497,316,1,37612.8,2.0,20.0,23508.0
C100498,364,1,50568.2,4.0,15.0,14873.0
C100499,364,1,40304.0,1.0,0.0,40304.0
C100500,238,1,54292.05,3.0,15.0,21291.0
C100501,275,1,87912.0,2.0,10.0,48840.0
C100502,112,1,24201.0,1.0,10.0,26890.0
C100503,302,1,68991.85,1.0,5.0,72623.0
C100504,359,1,10119.6,1.0,10.0,11244.0
C100505,134,1,105750.0,5.0,0.0,21150.0
C100506,2,1,113110.4,4.0,20.0,35347.0
C100507,31,1,36817.25,5.0,5.0,7751.0
C100508,74,1,112124.0,4.0,0.0,28031.0
C100509,272,1,21944.05,1.0,5.0,23099.0
C100510,361,1,136659.6,4.0,15.0,40194.0
C100511,5,1,114427.5,2.0,5.0,60225.0
C100512,330,1,65699.2,4.0,20.0,20531.0
C100513,260,1,32616.2,1.0,15.0,38372.0
C100514,119,1,33320.0,4.0,15.0,9800.0
C100515,266,1,65973.6,4.0,10.0,18326.0
C100516,170,1,34814.7,1.0,10.0,38683.0
C100517,353,1,24753.6,1.0,20.0,30942.0
C100518,186,1,32209.0,1.0,0.0,32209.0
C100519,158,1,88099.95,3.0,15.0,34549.0
C100520,311,1,136774.0,2.0,0.0,68387.0
C100521,327,1,54630.35,1.0,15.0,64271.0
C100522,114,1,326805.0,5.0,0.0,65361.0
C100523,320,1,72298.8,3.0,5.0,25368.0
C100524,343,1,101730.75,5.0,5.0,21417.0
C100525,333,1,20611.2,3.0,5.0,7232.0
C100526,177,1,84970.8,2.0,10.0,47206.0
C100527,158,1,68504.5,2.0,5.0,36055.0
C100528,131,1,112496.0,4.0,20.0,35155.0
C100529,24,1,12150.0,3.0,0.0,4050.0
C100530,25,1,22775.3,1.0,5.0,23974.0
C100531,43,1,80928.6,4.0,5.0,21297.0
C100532,203,1,73861.2,4.0,10.0,20517.0
C100533,5,1,173826.0,4.0,10.0,48285.0
C100534,117,1,248497.2,4.0,5.0,65394.0
C100535,166,1,139824.0,2.0,0.0,69912.0
C100536,114,1,159518.0,2.0,0.0,79759.0
C100537,201,1,88087.2,3.0,15.0,34544.0
C100538,150,1,193827.2,4.0,20.0,60571.0
C100539,166,1,206451.15,3.0,5.0,72439.0
C100540,333,1,52146.9,1.0,10.0,57941.0
C100541,110,1,74126.8,4.0,15.0,21802.0
C100542,334,1,365920.0,5.0,0.0,73184.0
C100543,273,1,178624.8,3.0,20.0,74427.0
C100544,128,1,118461.0,3.0,0.0,39487.0
C100545,1,1,138608.0,2.0,0.0,69304.0
C100546,53,1,175707.0,3.0,0.0,58569.0
C100547,60,1,207616.5,3.0,10.0,76895.0
C100548,283,1,35966.9,1.0,15.0,42314.0
C100549,174,1,303844.0,5.0,20.0,75961.0
C100550,359,1,207405.0,5.0,10.0,46090.0
C100551,250,1,155272.05,3.0,15.0,60891.0
C100552,88,1,60893.0,1.0,0.0,60893.0
C100553,354,1,90136.0,5.0,5.0,18976.0
C100554,244,1,101773.8,2.0,10.0,56541.0
C100555,341,1,26284.0,4.0,0.0,6571.0
C100556,40,1,30321.0,1.0,10.0,33690.0
C100557,151,1,139401.0,3.0,10.0,51630.0
C100558,311,1,52055.0,1.0,0.0,52055.0
C100559,301,1,57831.25,5.0,5.0,12175.0
C100560,27,1,176486.4,3.0,20.0,73536.0
C100561,127,1,313144.25,5.0,15.0,73681.0
C100562,283,1,20595.5,1.0,15.0,24230.0
C100563,310,1,148996.8,3.0,10.0,55184.0
C100564,143,1,260700.0,4.0,0.0,65175.0
C100565,18,1,120415.25,5.0,15.0,28333.0
C100566,83,1,375055.0,5.0,0.0,75011.0
C100567,19,1,8379.0,3.0,5.0,2940.0
C100568,22,1,134530.2,3.0,10.0,49826.0
C100569,8,1,43350.0,2.0,0.0,21675.0
C100570,58,1,52213.8,2.0,15.0,30714.0
C100571,207,1,227657.6,4.0,20.0,71143.0
C100572,7,1,72866.9,1.0,5.0,76702.0
C100573,295,1,202084.0,4.0,5.0,53180.0
C100574,67,1,53919.75,1.0,15.0,63435.0
C100575,270,1,40876.5,3.0,15.0,16030.0
C100576,184,1,30917.0,1.0,0.0,30917.0
C100577,292,1,78701.5,2.0,15.0,46295.0
C100578,304,1,4335.0,2.0,15.0,2550.0
C100579,2,1,38131.0,1.0,0.0,38131.0
C100580,1,1,49267.2,4.0,20.0,15396.0
C100581,276,1,8712.0,5.0,20.0,2178.0
C100582,69,1,238688.5,5.0,15.0,56162.0
C100583,75,1,278744.25,5.0,5.0,58683.0
C100584,4,1,57490.4,1.0,20.0,71863.0
C100585,108,1,126934.4,2.0,20.0,79334.0
C100586,8,1,59733.0,3.0,0.0,19911.0
C100587,246,1,32224.95,3.0,5.0,11307.0
C100588,188,1,10048.15,1.0,5.0,10577.0
C100589,37,1,196664.25,3.0,5.0,69005.0
C100590,67,1,152059.2,3.0,20.0,63358.0
C100591,260,1,87943.4,4.0,5.0,23143.0
C100592,279,1,8445.6,3.0,10.0,3128.0
C100593,275,1,56508.0,3.0,15.0,22160.0
C100594,83,1,75753.0,3.0,0.0,25251.0
C100595,24,1,158400.0,5.0,10.0,35200.0
C100596,11,1,207422.1,3.0,10.0,76823.0
C100597,329,1,83906.85,3.0,5.0,29441.0
C100598,350,1,3211.2,2.0,20.0,2007.0
C100599,345,1,301284.0,5.0,10.0,66952.0
C100600,200,1,67707.6,3.0,15.0,26552.0
C100601,144,1,33067.6,4.0,5.0,8702.0
C100602,217,1,1494.0,1.0,0.0,1494.0
C100603,215,1,186432.2,4.0,15.0,54833.0
C100604,101,1,178513.2,4.0,10.0,49587.0
C100605,137,1,60672.0,2.0,0.0,30336.0
C100606,93,1,301500.0,5.0,0.0,60300.0
C100607,18,1,58018.4,2.0,5.0,30536.0
C100608,174,1,176440.0,4.0,0.0,44110.0
C100609,38,1,11327.4,1.0,10.0,12586.0
C100610,256,1,193784.4,4.0,10.0,53829.0
C100611,172,1,104272.0,5.0,5.0,21952.0
C100612,318,1,135289.5,3.0,5.0,47470.0
C100613,341,1,101030.6,4.0,5.0,26587.0
C100614,191,1,15246.9,1.0,10.0,16941.0
C100615,37,1,340760.0,5.0,0.0,68152.0
C100616,95,1,40396.8,4.0,20.0,12624.0
C100617,38,1,129329.2,4.0,5.0,34034.0
C100618,280,1,9216.9,2.0,5.0,4851.0
C100619,118,1,141369.0,3.0,0.0,47123.0
C100620,294,1,51179.35,1.0,5.0,53873.0
C100621,278,1,1772.0,1.0,20.0,2215.0
C100622,95,1,74650.5,5.0,10.0,16589.0
C100623,35,1,231339.0,3.0,0.0,77113.0
C100624,153,1,24465.0,1.0,0.0,24465.0
C100625,313,1,275785.0,5.0,0.0,55157.0
C100626,103,1,32122.8,4.0,10.0,8923.0
C100627,123,1,195632.0,4.0,20.0,61135.0
C100628,42,1,83978.4,3.0,20.0,34991.0
C100629,330,1,20865.0,1.0,0.0,20865.0
C100630,123,1,88092.3,2.0,15.0,51819.0
C100631,347,1,259332.0,5.0,20.0,64833.0
C100632,297,1,52012.8,4.0,10.0,14448.0
C100633,305,1,95910.4,4.0,20.0,29972.0
C100634,339,1,31898.4,1.0,20.0,39873.0
C100635,355,1,11062.75,1.0,15.0,13015.0
C100636,365,1,45107.9,2.0,5.0,23741.0
C100637,317,1,39708.6,3.0,15.0,15572.0
C100638,152,1,116254.8,4.0,10.0,32293.0
C100639,179,1,155952.0,2.0,0.0,77976.0
C100640,30,1,54442.8,4.0,10.0,15123.0
C100641,282,1,17894.7,1.0,10.0,19883.0
C100642,65,1,5561.1,1.0,10.0,6179.0
C100643,275,1,33956.8,2.0,5.0,17872.0
C100644,270,1,103708.8,4.0,20.0,32409.0
C100645,219,1,41496.3,3.0,10.0,15369.0
C100646,333,1,106004.0,4.0,0.0,26501.0
C100647,286,1,3048.0,2.0,0.0,1524.0
C100648,294,1,73306.8,4.0,10.0,20363.0
C100649,222,1,13222.1,2.0,5.0,6959.0
C100650,270,1,22292.1,1.0,10.0,24769.0
C100651,243,1,90710.4,4.0,20.0,28347.0
C100652,32,1,216252.0,5.0,10.0,48056.0
C100653,28,1,143168.4,2.0,10.0,79538.0
C100654,114,1,34353.9,3.0,5.0,12054.0
C100655,263,1,283538.75,5.0,15.0,66715.0
C100656,123,1,85921.4,4.0,15.0,25271.0
C100657,238,1,184831.05,3.0,5.0,64853.0
C100658,234,1,14630.0,4.0,5.0,3850.0
C100659,113,1,32570.0,2.0,0.0,16285.0
C100660,217,1,267824.0,5.0,5.0,56384.0
C100661,78,1,121480.0,4.0,0.0,30370.0
C100662,83,1,27792.0,1.0,0.0,27792.0
C100663,330,1,34334.0,1.0,0.0,34334.0
C100664,19,1,184501.4,4.0,5.0,48553.0
C100665,330,1,38960.0,5.0,20.0,9740.0
C100666,104,1,251330.0,5.0,0.0,50266.0
C100667,61,1,175571.75,5.0,15.0,41311.0
C100668,112,1,83684.2,4.0,15.0,24613.0
C100669,89,1,10282.8,4.0,5.0,2706.0
C100670,262,1,59353.8,3.0,15.0,23276.0
C100671,167,1,51566.0,1.0,5.0,54280.0
C100672,279,1,180201.0,3.0,0.0,60067.0
C100673,262,1,349186.75,5.0,5.0,73513.0
C100674,101,1,168047.55,3.0,15.0,65901.0
C100675,251,1,204402.0,3.0,5.0,71720.0
C100676,121,1,64484.4,4.0,15.0,18966.0
C100677,119,1,64184.85,1.0,5.0,67563.0
C100678,72,1,55531.3,2.0,5.0,29227.0
C100679,215,1,56398.5,5.0,10.0,12533.0
C100680,156,1,132175.2,3.0,20.0,55073.0
C100681,83,1,173901.0,3.0,0.0,57967.0
C100682,146,1,175563.8,4.0,5.0,46201.0
C100683,338,1,32371.25,1.0,5.0,34075.0
C100684,248,1,199395.0,5.0,10.0,44310.0
C100685,104,1,106473.6,2.0,20.0,66546.0
C100686,358,1,131716.8,2.0,10.0,73176.0
C100687,195,1,37060.0,5.0,0.0,7412.0
C100688,348,1,28800.0,5.0,0.0,5760.0
C100689,126,1,270861.0,5.0,15.0,63732.0
C100690,210,1,40829.1,2.0,5.0,21489.0
C100691,196,1,69360.0,5.0,0.0,13872.0
C100692,252,1,13599.0,1.0,10.0,15110.0
C100693,149,1,95714.4,3.0,5.0,33584.0
C100694,208,1,65373.3,1.0,5.0,68814.0
C100695,303,1,86499.0,5.0,10.0,19222.0
C100696,286,1,168435.0,5.0,5.0,35460.0
C100697,358,1,103150.9,2.0,15.0,60677.0
C100698,248,1,59724.6,3.0,5.0,20956.0
C100699,293,1,14114.0,2.0,0.0,7057.0
C100700,232,1,38022.2,1.0,15.0,44732.0
C100701,277,1,49931.55,3.0,15.0,19581.0
C100702,237,1,48907.2,2.0,20.0,30567.0
C100703,193,1,88268.8,4.0,20.0,27584.0
C100704,97,1,211860.0,3.0,0.0,70620.0
C100705,266,1,217514.85,3.0,5.0,76321.0
C100706,366,1,181199.6,4.0,15.0,53294.0
C100707,295,1,49006.7,1.0,5.0,51586.0
C100708,348,1,189510.3,3.0,10.0,70189.0
C100709,274,1,24429.25,1.0,5.0,25715.0
C100710,7,1,129897.6,4.0,20.0,40593.0
C100711,58,1,35892.8,2.0,20.0,22433.0
C100712,283,1,29012.2,1.0,15.0,34132.0
C100713,88,1,83667.2,2.0,20.0,52292.0
C100714,122,1,175431.5,5.0,15.0,41278.0
C100715,364,1,9883.8,2.0,15.0,5814.0
C100716,357,1,112603.5,3.0,5.0,39510.0
C100717,187,1,203266.8,3.0,10.0,75284.0
C100718,13,1,204094.8,4.0,10.0,56693.0
C100719,72,1,73450.0,5.0,0.0,14690.0
C100720,249,1,125141.6,2.0,5.0,65864.0
C100721,104,1,56741.6,1.0,5.0,59728.0
C100722,289,1,133955.0,5.0,0.0,26791.0
C100723,35,1,223907.4,3.0,5.0,78564.0
C100724,102,1,313328.0,4.0,0.0,78332.0
C100725,340,1,73866.3,2.0,5.0,38877.0
C100726,234,1,37593.8,2.0,15.0,22114.0
C100727,281,1,75818.4,3.0,20.0,31591.0
C100728,4,1,77954.4,3.0,10.0,28872.0
C100729,18,1,98338.2,4.0,15.0,28923.0
C100730,232,1,232191.0,5.0,10.0,51598.0
C100731,64,1,18030.6,2.0,10.0,10017.0
C100732,234,1,227820.0,4.0,0.0,56955.0
C100733,211,1,24442.6,2.0,15.0,14378.0
C100734,211,1,9856.0,4.0,20.0,3080.0
C100735,288,1,58223.2,1.0,20.0,72779.0
C100736,58,1,26684.9,2.0,15.0,15697.0
C100737,251,1,55904.5,2.0,15.0,32885.0
C100738,145,1,248435.2,4.0,20.0,77636.0
C100739,213,1,36003.0,3.0,0.0,12001.0
C100740,268,1,33773.0,1.0,0.0,33773.0
C100741,336,1,58649.15,1.0,15.0,68999.0
C100742,97,1,10672.2,2.0,10.0,5929.0
C100743,44,1,19696.0,5.0,20.0,4924.0
C100744,132,1,100692.0,2.0,0.0,50346.0
C100745,189,1,143679.6,4.0,10.0,39911.0
C100746,58,1,72572.4,4.0,5.0,19098.0
C100747,74,1,119066.3,2.0,15.0,70039.0
C100748,78,1,43429.5,3.0,10.0,16085.0
C100749,115,1,174245.0,5.0,0.0,34849.0
C100750,128,1,33731.4,4.0,15.0,9921.0
C100751,91,1,20512.8,1.0,20.0,25641.0
C100752,267,1,379415.0,5.0,0.0,75883.0
C100753,296,1,288243.5,5.0,15.0,67822.0
C100754,87,1,36063.9,1.0,10.0,40071.0
C100755,45,1,114902.0,2.0,0.0,57451.0
C100756,266,1,87457.0,5.0,5.0,18412.0
C100757,215,1,57968.0,2.0,0.0,28984.0
C100758,175,1,2002.6,4.0,15.0,589.0
C100759,3,1,36001.2,1.0,5.0,37896.0
C100760,292,1,127594.8,4.0,10.0,35443.0
C100761,7,1,46264.0,4.0,0.0,11566.0
C100762,363,1,316892.0,5.0,20.0,79223.0
C100763,157,1,92452.8,3.0,20.0,38522.0
C100764,87,1,323641.25,5.0,5.0,68135.0
C100765,338,1,44480.5,1.0,15.0,52330.0
C100766,254,1,112785.9,2.0,5.0,59361.0
C100767,200,1,240107.75,5.0,5.0,50549.0
C100768,13,1,118320.0,4.0,20.0,36975.0
C100769,327,1,353243.25,5.0,5.0,74367.0
C100770,338,1,7660.0,2.0,0.0,3830.0
C100771,296,1,10339.8,4.0,5.0,2721.0
C100772,216,1,181852.8,3.0,20.0,75772.0
C100773,238,1,63194.4,1.0,20.0,78993.0
C100774,162,1,98068.8,2.0,20.0,61293.0
C100775,336,1,45390.05,1.0,5.0,47779.0
C100776,225,1,46867.2,4.0,20.0,14646.0
C100777,85,1,153594.0,5.0,10.0,34132.0
C100778,32,1,49511.7,1.0,10.0,55013.0
C100779,132,1,7375.5,5.0,10.0,1639.0
C100780,151,1,96312.9,3.0,5.0,33794.0
C100781,104,1,15429.6,2.0,10.0,8572.0
C100782,18,1,17393.4,2.0,10.0,9663.0
C100783,233,1,42626.5,2.0,5.0,22435.0
C100784,62,1,29100.8,1.0,20.0,36376.0
C100785,45,1,12883.0,1.0,0.0,12883.0
C100786,101,1,7339.7,1.0,5.0,7726.0
C100787,156,1,227700.75,5.0,5.0,47937.0
C100788,265,1,86828.0,5.0,20.0,21707.0
C100789,36,1,275055.0,5.0,0.0,55011.0
C100790,93,1,39890.5,1.0,5.0,41990.0
C100791,7,1,211237.2,3.0,10.0,78236.0
C100792,285,1,23713.2,2.0,10.0,13174.0
C100793,78,1,12066.6,3.0,15.0,4732.0
C100794,31,1,97380.9,3.0,10.0,36067.0
C100795,149,1,50713.6,4.0,20.0,15848.0
C100796,157,1,34785.2,2.0,5.0,18308.0
C100797,151,1,327370.0,5.0,5.0,68920.0
C100798,190,1,23737.5,5.0,10.0,5275.0
C100799,345,1,21632.4,4.0,10.0,6009.0
C100800,126,1,31196.1,3.0,5.0,10946.0
C100801,88,1,67097.7,3.0,10.0,24851.0
C100802,223,1,198398.5,5.0,15.0,46682.0
C100803,282,1,70509.6,1.0,10.0,78344.0
C100804,142,1,92045.0,5.0,0.0,18409.0
C100805,118,1,71440.2,1.0,10.0,79378.0
C100806,309,1,169230.6,3.0,10.0,62678.0
C100807,21,1,32670.6,4.0,15.0,9609.0
C100808,91,1,47966.4,3.0,20.0,19986.0
C100809,88,1,220776.0,3.0,0.0,73592.0
C100810,323,1,31825.0,1.0,5.0,33500.0
C100811,310,1,48068.1,1.0,5.0,50598.0
C100812,278,1,86632.0,2.0,20.0,54145.0
C100813,282,1,105454.4,2.0,15.0,62032.0
C100814,68,1,100696.0,5.0,20.0,25174.0
C100815,296,1,143316.8,4.0,15.0,42152.0
C100816,7,1,182227.5,5.0,10.0,40495.0
C100817,214,1,162424.0,4.0,0.0,40606.0
C100818,257,1,187532.0,4.0,0.0,46883.0
C100819,194,1,167247.0,5.0,10.0,37166.0
C100820,34,1,231505.5,5.0,5.0,48738.0
C100821,17,1,40500.0,5.0,20.0,10125.0
C100822,14,1,46113.3,3.0,10.0,17079.0
C100823,359,1,44123.7,3.0,5.0,15482.0
C100824,295,1,153640.0,5.0,20.0,38410.0
C100825,242,1,158530.5,3.0,10.0,58715.0
C100826,145,1,84465.45,3.0,5.0,29637.0
C100827,366,1,33636.0,3.0,20.0,14015.0
C100828,4,1,88502.4,2.0,20.0,55314.0
C100829,134,1,48468.6,1.0,10.0,53854.0
C100830,197,1,53591.0,1.0,0.0,53591.0
C100831,232,1,149328.0,5.0,15.0,35136.0
C100832,308,1,216303.0,3.0,0.0,72101.0
C100833,311,1,38455.0,5.0,0.0,7691.0
C100834,50,1,140104.8,4.0,10.0,38918.0
C100835,352,1,194666.4,3.0,5.0,68304.0
C100836,20,1,96358.4,4.0,20.0,30112.0
C100837,289,1,76399.95,3.0,5.0,26807.0
C100838,262,1,75907.85,1.0,5.0,79903.0
C100839,63,1,83937.5,2.0,15.0,49375.0
C100840,117,1,78942.4,2.0,20.0,49339.0
C100841,164,1,107665.25,5.0,15.0,25333.0
C100842,270,1,51842.4,3.0,20.0,21601.0
C100843,84,1,22489.6,1.0,20.0,28112.0
C100844,168,1,42968.35,1.0,15.0,50551.0
C100845,257,1,81609.6,2.0,20.0,51006.0
C100846,9,1,152848.8,4.0,10.0,42458.0
C100847,105,1,647.9,1.0,5.0,682.0
C100848,239,1,139302.0,5.0,10.0,30956.0
C100849,353,1,173369.4,4.0,15.0,50991.0
C100850,29,1,158945.75,5.0,15.0,37399.0
C100851,254,1,111374.2,4.0,5.0,29309.0
C100852,185,1,303709.5,5.0,10.0,67491.0
C100853,212,1,16816.9,1.0,5.0,17702.0
C100854,242,1,111651.0,3.0,0.0,37217.0
C100855,74,1,2042.5,5.0,5.0,430.0
C100856,302,1,68244.8,2.0,20.0,42653.0
C100857,210,1,113046.6,4.0,15.0,33249.0
C100858,62,1,47266.2,2.0,10.0,26259.0
C100859,171,1,74934.1,2.0,5.0,39439.0
C100860,57,1,252241.75,5.0,15.0,59351.0
C100861,254,1,148992.25,5.0,15.0,35057.0
C100862,103,1,10380.65,1.0,5.0,10927.0
C100863,107,1,96366.1,2.0,5.0,50719.0
C100864,16,1,29435.2,2.0,20.0,18397.0
C100865,140,1,78583.5,5.0,10.0,17463.0
C100866,173,1,27916.0,5.0,20.0,6979.0
C100867,226,1,195059.2,4.0,20.0,60956.0
C100868,345,1,63450.0,3.0,0.0,21150.0
C100869,163,1,2644.8,1.0,5.0,2784.0
C100870,366,1,57510.0,2.0,10.0,31950.0
C100871,153,1,185154.0,3.0,0.0,61718.0
C100872,286,1,57616.0,1.0,20.0,72020.0
C100873,180,1,94917.6,3.0,20.0,39549.0
C100874,345,1,22768.95,1.0,15.0,26787.0
C100875,80,1,133305.6,4.0,20.0,41658.0
C100876,342,1,233541.0,5.0,10.0,51898.0
C100877,82,1,28530.0,1.0,10.0,31700.0
C100878,241,1,38221.2,2.0,10.0,21234.0
C100879,226,1,19798.0,4.0,5.0,5210.0
C100880,197,1,9355.5,1.0,10.0,10395.0
C100881,347,1,112292.8,2.0,20.0,70183.0
C100882,163,1,27760.9,2.0,5.0,14611.0
C100883,23,1,43047.0,3.0,0.0,14349.0
C100884,6,1,45977.6,1.0,20.0,57472.0
C100885,199,1,61968.6,2.0,10.0,34427.0
C100886,176,1,39720.6,2.0,10.0,22067.0
C100887,256,1,152060.75,5.0,15.0,35779.0
C100888,284,1,168467.2,4.0,20.0,52646.0
C100889,291,1,271432.2,4.0,15.0,79833.0
C100890,23,1,55811.7,1.0,10.0,62013.0
C100891,249,1,248605.2,4.0,10.0,69057.0
C100892,207,1,46248.5,5.0,15.0,10882.0
C100893,287,1,294764.0,5.0,20.0,73691.0
C100894,165,1,13452.1,2.0,15.0,7913.0
C100895,326,1,309489.25,5.0,15.0,72821.0
C100896,206,1,72252.0,2.0,10.0,40140.0
C100897,258,1,56781.9,1.0,10.0,63091.0
C100898,267,1,212089.4,4.0,5.0,55813.0
C100899,76,1,94422.0,3.0,0.0,31474.0
C100900,347,1,169820.1,3.0,5.0,59586.0
C100901,252,1,179401.0,5.0,15.0,42212.0
C100902,351,1,9665.35,1.0,15.0,11371.0
C100903,223,1,2197.8,1.0,10.0,2442.0
C100904,1,1,46061.5,1.0,15.0,54190.0
C100905,348,1,32620.8,4.0,20.0,10194.0
C100906,110,1,96472.8,2.0,10.0,53596.0
C100907,180,1,13144.0,1.0,20.0,16430.0
C100908,297,1,46030.05,1.0,15.0,54153.0
C100909,98,1,56731.2,1.0,20.0,70914.0
C100910,145,1,224555.0,5.0,0.0,44911.0
C100911,121,1,55864.55,1.0,15.0,65723.0
C100912,322,1,45780.0,3.0,20.0,19075.0
C100913,174,1,137033.7,2.0,5.0,72123.0
C100914,259,1,70241.1,1.0,5.0,73938.0
C100915,360,1,59260.0,4.0,0.0,14815.0
C100916,306,1,63520.0,1.0,20.0,79400.0
C100917,50,1,129248.0,4.0,20.0,40390.0
C100918,11,1,47704.8,1.0,20.0,59631.0
C100919,88,1,178959.0,3.0,15.0,70180.0
C100920,146,1,127842.45,3.0,5.0,44857.0
C100921,326,1,148180.0,5.0,20.0,37045.0
C100922,64,1,50699.6,4.0,5.0,13342.0
C100923,83,1,43411.2,1.0,15.0,51072.0
C100924,267,1,97759.8,2.0,10.0,54311.0
C100925,53,1,122524.2,2.0,10.0,68069.0
C100926,230,1,23867.2,2.0,20.0,14917.0
C100927,84,1,86018.7,2.0,5.0,45273.0
C100928,314,1,15959.0,1.0,0.0,15959.0
C100929,197,1,24144.8,1.0,20.0,30181.0
C100930,113,1,28128.2,4.0,15.0,8273.0
C100931,282,1,194179.95,3.0,15.0,76149.0
C100932,284,1,26078.4,4.0,10.0,7244.0
C100933,235,1,100632.0,4.0,0.0,25158.0
C100934,234,1,99636.0,3.0,0.0,33212.0
C100935,364,1,225216.0,3.0,0.0,75072.0
C100936,338,1,13715.1,1.0,10.0,15239.0
C100937,89,1,111798.0,5.0,10.0,24844.0
C100938,68,1,34701.6,3.0,20.0,14459.0
C100939,15,1,219215.0,5.0,0.0,43843.0
C100940,354,1,29489.9,1.0,15.0,34694.0
C100941,129,1,72147.0,1.0,0.0,72147.0
C100942,249,1,62444.0,5.0,20.0,15611.0
C100943,356,1,152185.5,3.0,10.0,56365.0
C100944,293,1,57749.85,3.0,15.0,22647.0
C100945,248,1,97805.25,3.0,15.0,38355.0
C100946,227,1,78410.0,2.0,0.0,39205.0
C100947,292,1,168530.0,5.0,0.0,33706.0
C100948,284,1,122148.0,4.0,10.0,33930.0
C100949,43,1,60260.4,4.0,5.0,15858.0
C100950,253,1,161037.6,3.0,20.0,67099.0
C100951,312,1,232916.4,4.0,10.0,64699.0
C100952,347,1,7707.8,2.0,15.0,4534.0
C100953,288,1,37381.0,1.0,0.0,37381.0
C100954,276,1,29259.0,3.0,0.0,9753.0
C100955,99,1,41633.0,1.0,15.0,48980.0
C100956,283,1,291472.0,4.0,0.0,72868.0
C100957,1,1,281322.0,4.0,10.0,78145.0
C100958,89,1,118794.3,3.0,15.0,46586.0
C100959,116,1,74617.75,1.0,5.0,78545.0
C100960,145,1,77472.0,3.0,0.0,25824.0
C100961,324,1,237834.0,4.0,10.0,66065.0
C100962,19,1,75286.8,2.0,10.0,41826.0
C100963,171,1,110794.95,3.0,15.0,43449.0
C100964,204,1,44816.0,4.0,0.0,11204.0
C100965,276,1,26999.4,2.0,15.0,15882.0
C100966,123,1,12825.6,4.0,20.0,4008.0
C100967,28,1,58194.0,2.0,10.0,32330.0
C100968,185,1,287097.6,4.0,5.0,75552.0
C100969,177,1,18330.25,1.0,15.0,21565.0
C100970,291,1,48089.0,2.0,5.0,25310.0
C100971,291,1,86110.95,3.0,15.0,33769.0
C100972,351,1,257298.0,5.0,5.0,54168.0
C100973,275,1,46207.8,1.0,10.0,51342.0
C100974,195,1,78586.75,5.0,15.0,18491.0
C100975,86,1,152159.6,4.0,5.0,40042.0
C100976,152,1,134295.0,5.0,0.0,26859.0
C100977,111,1,245589.25,5.0,5.0,51703.0
C100978,66,1,34440.3,3.0,15.0,13506.0
C100979,48,1,87520.65,3.0,5.0,30709.0
C100980,234,1,38579.4,1.0,10.0,42866.0
C100981,242,1,101153.6,2.0,20.0,63221.0
C100982,153,1,383810.0,5.0,0.0,76762.0
C100983,286,1,183149.5,5.0,15.0,43094.0
C100984,271,1,3588.0,1.0,20.0,4485.0
C100985,107,1,150723.2,2.0,5.0,79328.0
C100986,61,1,73327.65,3.0,5.0,25729.0
C100987,349,1,211792.05,3.0,5.0,74313.0
C100988,258,1,72190.5,5.0,5.0,15198.0
C100989,344,1,139667.75,5.0,15.0,32863.0
C100990,265,1,8534.4,4.0,20.0,2667.0
C100991,178,1,22180.8,3.0,20.0,9242.0
C100992,86,1,109409.6,2.0,20.0,68381.0
C100993,64,1,6068.8,2.0,20.0,3793.0
C100994,259,1,132462.0,3.0,10.0,49060.0
C100995,144,1,154232.0,2.0,0.0,77116.0
C100996,169,1,16741.8,2.0,10.0,9301.0
C100997,119,1,194508.8,4.0,20.0,60784.0
C100998,234,1,3475.0,1.0,0.0,3475.0
C100999,72,1,60451.35,3.0,5.0,21211.0
C101000,96,1,201878.4,3.0,15.0,79168.0
C101001,43,1,15674.0,2.0,15.0,9220.0
C101002,20,1,39711.15,3.0,15.0,15573.0
C101003,82,1,144878.4,3.0,20.0,60366.0
C101004,129,1,176304.0,3.0,0.0,58768.0
C101005,273,1,42828.0,2.0,0.0,21414.0
C101006,159,1,105043.0,2.0,15.0,61790.0
C101007,310,1,81918.0,2.0,10.0,45510.0
C101008,196,1,30555.0,1.0,10.0,33950.0
C101009,145,1,160879.2,3.0,20.0,67033.0
C101010,24,1,107672.0,2.0,0.0,53836.0
C101011,35,1,141909.1,2.0,5.0,74689.0
C101012,20,1,145324.35,3.0,5.0,50991.0
C101013,308,1,20088.0,3.0,0.0,6696.0
C101014,175,1,42576.0,1.0,20.0,53220.0
C101015,91,1,228231.0,3.0,0.0,76077.0
C101016,152,1,32194.6,2.0,15.0,18938.0
C101017,282,1,76019.0,5.0,5.0,16004.0
C101018,127,1,187212.0,3.0,0.0,62404.0
C101019,197,1,63788.4,2.0,10.0,35438.0
C101020,218,1,12231.5,1.0,15.0,14390.0
C101021,101,1,95258.7,3.0,10.0,35281.0
C101022,281,1,18201.6,3.0,20.0,7584.0
C101023,350,1,79369.2,4.0,10.0,22047.0
C101024,106,1,55489.6,2.0,20.0,34681.0
C101025,54,1,94936.5,5.0,10.0,21097.0
C101026,214,1,115668.0,5.0,20.0,28917.0
C101027,29,1,120916.0,5.0,20.0,30229.0
C101028,84,1,252238.5,5.0,10.0,56053.0
C101029,6,1,246712.5,5.0,15.0,58050.0
C101030,150,1,116409.6,4.0,20.0,36378.0
C101031,197,1,3408.8,1.0,20.0,4261.0
C101032,234,1,143136.0,3.0,20.0,59640.0
C101033,25,1,14576.0,1.0,0.0,14576.0
C101034,70,1,43174.8,1.0,10.0,47972.0
C101035,11,1,53453.0,1.0,0.0,53453.0
C101036,151,1,240960.0,5.0,20.0,60240.0
C101037,310,1,121882.5,5.0,10.0,27085.0
C101038,346,1,144252.9,3.0,10.0,53427.0
C101039,166,1,38972.5,1.0,15.0,45850.0
C101040,126,1,17955.0,3.0,5.0,6300.0
C101041,232,1,11917.0,4.0,15.0,3505.0
C101042,356,1,74578.8,2.0,5.0,39252.0
C101043,226,1,161019.75,3.0,15.0,63145.0
C101044,200,1,24226.2,2.0,10.0,13459.0
C101045,241,1,29970.15,1.0,15.0,35259.0
C101046,353,1,30525.2,1.0,15.0,35912.0
C101047,298,1,29689.2,3.0,10.0,10996.0
C101048,54,1,146604.6,4.0,15.0,43119.0
C101049,249,1,20140.0,5.0,5.0,4240.0
C101050,154,1,41306.4,1.0,10.0,45896.0
C101051,299,1,140601.9,3.0,15.0,55138.0
C101052,172,1,226062.0,4.0,10.0,62795.0
C101053,281,1,4728.0,2.0,20.0,2955.0
C101054,311,1,85663.8,2.0,10.0,47591.0
C101055,129,1,242186.25,5.0,15.0,56985.0
C101056,166,1,172091.0,4.0,15.0,50615.0
C101057,117,1,1428.0,3.0,20.0,595.0
C101058,311,1,68656.2,4.0,15.0,20193.0
C101059,110,1,55842.45,3.0,15.0,21899.0
C101060,169,1,100566.9,2.0,15.0,59157.0
C101061,171,1,147345.0,3.0,0.0,49115.0
C101062,104,1,168278.4,3.0,20.0,70116.0
C101063,131,1,168227.2,4.0,20.0,52571.0
C101064,186,1,80292.0,2.0,0.0,40146.0
C101065,125,1,40227.3,1.0,10.0,44697.0
C101066,220,1,14956.2,2.0,10.0,8309.0
C101067,101,1,57204.25,1.0,5.0,60215.0
C101068,188,1,18623.0,1.0,0.0,18623.0
C101069,25,1,34102.8,1.0,10.0,37892.0
C101070,209,1,2077.65,3.0,5.0,729.0
C101071,302,1,55225.0,1.0,0.0,55225.0
C101072,184,1,60683.2,1.0,20.0,75854.0
C101073,107,1,306168.0,5.0,20.0,76542.0
C101074,132,1,135129.6,2.0,10.0,75072.0
C101075,350,1,319600.0,5.0,0.0,63920.0
C101076,84,1,11538.7,1.0,5.0,12146.0
C101077,303,1,22913.6,1.0,20.0,28642.0
C101078,8,1,104840.7,3.0,15.0,41114.0
C101079,223,1,9044.1,1.0,10.0,10049.0
C101080,84,1,119756.0,5.0,20.0,29939.0
C101081,197,1,79643.2,2.0,20.0,49777.0
C101082,40,1,228108.0,5.0,20.0,57027.0
C101083,117,1,323478.0,5.0,10.0,71884.0
C101084,348,1,119392.8,3.0,20.0,49747.0
C101085,291,1,266000.4,4.0,10.0,73889.0
C101086,239,1,167844.0,4.0,0.0,41961.0
C101087,184,1,133512.0,3.0,20.0,55630.0
C101088,256,1,191394.6,4.0,5.0,50367.0
C101089,243,1,393660.0,5.0,0.0,78732.0
C101090,192,1,140634.0,2.0,0.0,70317.0
C101091,120,1,74056.8,3.0,20.0,30857.0
C101092,244,1,78385.3,2.0,15.0,46109.0
C101093,178,1,48176.1,1.0,10.0,53529.0
C101094,108,1,234339.2,4.0,20.0,73231.0
C101095,96,1,63108.8,1.0,20.0,78886.0
C101096,333,1,185337.6,3.0,20.0,77224.0
C101097,196,1,96824.0,4.0,0.0,24206.0
C101098,201,1,48607.25,5.0,15.0,11437.0
C101099,182,1,90953.0,2.0,5.0,47870.0
C101100,142,1,47340.75,3.0,15.0,18565.0
C101101,55,1,123781.2,3.0,5.0,43432.0
C101102,54,1,103432.0,2.0,0.0,51716.0
C101103,274,1,14041.0,1.0,5.0,14780.0
C101104,41,1,257103.0,5.0,10.0,57134.0
C101105,341,1,76764.0,3.0,20.0,31985.0
C101106,153,1,55129.5,1.0,10.0,61255.0
C101107,318,1,76930.0,1.0,0.0,76930.0
C101108,53,1,130572.0,3.0,0.0,43524.0
C101109,2,1,59061.4,1.0,15.0,69484.0
C101110,77,1,7011.2,4.0,20.0,2191.0
C101111,361,1,59309.1,1.0,10.0,65899.0
C101112,4,1,337360.75,5.0,15.0,79379.0
C101113,251,1,63741.5,1.0,15.0,74990.0
C101114,196,1,70657.95,3.0,15.0,27709.0
C101115,269,1,54444.8,4.0,20.0,17014.0
C101116,359,1,34777.6,1.0,20.0,43472.0
C101117,101,1,9285.0,5.0,0.0,1857.0
C101118,167,1,82895.4,2.0,15.0,48762.0
C101119,145,1,100084.8,3.0,20.0,41702.0
C101120,238,1,103983.2,2.0,5.0,54728.0
C101121,361,1,128935.8,2.0,10.0,71631.0
C101122,235,1,85384.2,3.0,15.0,33484.0
C101123,159,1,4428.9,3.0,5.0,1554.0
C101124,236,1,249534.6,4.0,5.0,65667.0
C101125,18,1,312113.0,5.0,5.0,65708.0
C101126,12,1,227521.2,3.0,5.0,79832.0
C101127,326,1,31228.4,4.0,5.0,8218.0
C101128,362,1,43027.2,1.0,20.0,53784.0
C101129,27,1,203742.45,3.0,15.0,79899.0
C101130,206,1,43752.9,1.0,15.0,51474.0
C101131,16,1,188178.0,3.0,0.0,62726.0
C101132,231,1,50153.4,1.0,10.0,55726.0
C101133,18,1,40384.0,2.0,20.0,25240.0
C101134,304,1,62316.9,1.0,15.0,73314.0
C101135,206,1,132758.4,3.0,20.0,55316.0
C101136,306,1,68848.0,2.0,0.0,34424.0
C101137,267,1,257160.0,4.0,0.0,64290.0
C101138,230,1,239682.0,3.0,0.0,79894.0
C101139,231,1,1336.2,4.0,15.0,393.0
C101140,202,1,61456.0,4.0,0.0,15364.0
C101141,31,1,149208.0,3.0,0.0,49736.0
C101142,136,1,145036.0,4.0,0.0,36259.0
C101143,78,1,315880.0,5.0,0.0,63176.0
C101144,182,1,29558.75,5.0,15.0,6955.0
C101145,173,1,34819.2,1.0,10.0,38688.0
C101146,223,1,80015.0,5.0,0.0,16003.0
C101147,361,1,139680.0,5.0,10.0,31040.0
C101148,211,1,99406.1,2.0,5.0,52319.0
C101149,352,1,27721.95,1.0,5.0,29181.0
C101150,227,1,22814.25,3.0,5.0,8005.0
C101151,238,1,149682.0,4.0,5.0,39390.0
C101152,56,1,309768.0,5.0,20.0,77442.0
C101153,49,1,4807.6,4.0,15.0,1414.0
C101154,271,1,35356.15,1.0,5.0,37217.0
C101155,364,1,85365.0,2.0,10.0,47425.0
C101156,365,1,33294.4,1.0,20.0,41618.0
C101157,208,1,242752.0,5.0,20.0,60688.0
C101158,266,1,768.4,2.0,15.0,452.0
C101159,241,1,66027.6,2.0,10.0,36682.0
C101160,102,1,311211.0,5.0,10.0,69158.0
C101161,323,1,74802.0,1.0,0.0,74802.0
C101162,213,1,9851.2,2.0,20.0,6157.0
C101163,233,1,15733.8,1.0,10.0,17482.0
C101164,38,1,312385.5,5.0,10.0,69419.0
C101165,316,1,127897.8,2.0,15.0,75234.0
C101166,13,1,92668.7,2.0,5.0,48773.0
C101167,311,1,70364.7,3.0,15.0,27594.0
C101168,205,1,33046.2,1.0,10.0,36718.0
C101169,27,1,149777.0,4.0,5.0,39415.0
C101170,53,1,69079.5,5.0,15.0,16254.0
C101171,362,1,4036.0,4.0,0.0,1009.0
C101172,358,1,68279.35,1.0,5.0,71873.0
C101173,336,1,53433.6,1.0,20.0,66792.0
C101174,125,1,26909.3,1.0,15.0,31658.0
C101175,197,1,57820.8,1.0,5.0,60864.0
C101176,366,1,16935.2,1.0,20.0,21169.0
C101177,257,1,60102.0,3.0,10.0,22260.0
C101178,247,1,142272.0,4.0,5.0,37440.0
C101179,99,1,167030.1,3.0,15.0,65502.0
C101180,259,1,23337.0,1.0,0.0,23337.0
C101181,236,1,159009.5,5.0,15.0,37414.0
C101182,291,1,50668.5,2.0,15.0,29805.0
C101183,328,1,164128.2,3.0,15.0,64364.0
C101184,340,1,85458.2,4.0,5.0,22489.0
C101185,7,1,104495.6,2.0,15.0,61468.0
C101186,24,1,145102.0,2.0,0.0,72551.0
C101187,204,1,274750.0,5.0,0.0,54950.0
C101188,38,1,59114.7,1.0,10.0,65683.0
C101189,167,1,47644.2,4.0,15.0,14013.0
C101190,119,1,49590.95,1.0,5.0,52201.0
C101191,249,1,267735.6,4.0,10.0,74371.0
C101192,357,1,179685.0,5.0,0.0,35937.0
C101193,33,1,272178.5,5.0,15.0,64042.0
C101194,100,1,8941.0,1.0,0.0,8941.0
C101195,152,1,81123.15,3.0,15.0,31813.0
C101196,72,1,54794.1,2.0,5.0,28839.0
C101197,24,1,3667.2,2.0,20.0,2292.0
C101198,38,1,156758.4,4.0,10.0,43544.0
C101199,294,1,82170.0,5.0,10.0,18260.0
C101200,76,1,35673.6,3.0,20.0,14864.0
C101201,274,1,129384.0,2.0,0.0,64692.0
C101202,328,1,300785.25,5.0,15.0,70773.0
C101203,137,1,7012.9,1.0,5.0,7382.0
C101204,336,1,51797.3,2.0,15.0,30469.0
C101205,366,1,23336.0,1.0,0.0,23336.0
C101206,26,1,271741.6,4.0,15.0,79924.0
C101207,119,1,226630.8,4.0,10.0,62953.0
C101208,104,1,168752.0,5.0,20.0,42188.0
C101209,45,1,338193.0,5.0,10.0,75154.0
C101210,282,1,77848.0,5.0,20.0,19462.0
C101211,146,1,124500.0,4.0,0.0,31125.0
C101212,199,1,156944.0,4.0,20.0,49045.0
C101213,321,1,143145.0,5.0,0.0,28629.0
C101214,165,1,147084.0,3.0,15.0,57680.0
C101215,161,1,187450.0,5.0,0.0,37490.0
C101216,235,1,45328.8,3.0,20.0,18887.0
C101217,10,1,162061.0,5.0,15.0,38132.0
C101218,24,1,102642.6,2.0,15.0,60378.0
C101219,213,1,81846.3,2.0,5.0,43077.0
C101220,353,1,79581.25,5.0,15.0,18725.0
C101221,117,1,66465.0,5.0,10.0,14770.0
C101222,164,1,216379.4,4.0,15.0,63641.0
C101223,340,1,193504.5,5.0,10.0,43001.0
C101224,255,1,338562.0,5.0,10.0,75236.0
C101225,43,1,143172.0,4.0,0.0,35793.0
C101226,166,1,283806.0,5.0,10.0,63068.0
C101227,207,1,60435.0,4.0,15.0,17775.0
C101228,76,1,126641.5,5.0,15.0,29798.0
C101229,32,1,31006.8,2.0,10.0,17226.0
C101230,229,1,186816.0,4.0,0.0,46704.0
C101231,212,1,90489.4,4.0,5.0,23813.0
C101232,203,1,84587.4,2.0,10.0,46993.0
C101233,240,1,9350.0,1.0,0.0,9350.0
C101234,14,1,37055.0,1.0,0.0,37055.0
C101235,20,1,238266.0,3.0,0.0,79422.0
C101236,109,1,260167.0,4.0,5.0,68465.0
C101237,248,1,3376.0,4.0,0.0,844.0
C101238,270,1,28891.2,1.0,20.0,36114.0
C101239,282,1,62833.0,5.0,5.0,13228.0
C101240,235,1,31072.5,1.0,10.0,34525.0
C101241,234,1,210291.0,3.0,0.0,70097.0
C101242,164,1,301063.5,5.0,10.0,66903.0
C101243,154,1,106753.2,2.0,15.0,62796.0
C101244,160,1,2660.95,1.0,5.0,2801.0
C101245,41,1,125844.3,3.0,10.0,46609.0
C101246,288,1,261136.0,5.0,5.0,54976.0
C101247,26,1,104110.0,5.0,0.0,20822.0
C101248,160,1,7356.8,4.0,20.0,2299.0
C101249,156,1,353713.5,5.0,5.0,74466.0
C101250,353,1,104984.0,4.0,0.0,26246.0
C101251,100,1,243600.0,5.0,20.0,60900.0
C101252,231,1,98539.2,3.0,10.0,36496.0
C101253,238,1,19308.6,2.0,15.0,11358.0
C101254,55,1,180168.0,4.0,0.0,45042.0
C101255,265,1,155066.6,4.0,5.0,40807.0
C101256,63,1,167028.0,3.0,0.0,55676.0
C101257,295,1,33643.2,2.0,20.0,21027.0
C101258,77,1,42716.7,1.0,10.0,47463.0
C101259,281,1,56449.95,1.0,5.0,59421.0
C101260,71,1,70689.4,2.0,15.0,41582.0
C101261,357,1,42460.0,2.0,0.0,21230.0
C101262,225,1,93325.0,5.0,0.0,18665.0
C101263,183,1,163747.2,4.0,20.0,51171.0
C101264,328,1,95497.5,2.0,15.0,56175.0
C101265,327,1,111885.0,5.0,0.0,22377.0
C101266,269,1,67324.0,1.0,0.0,67324.0
C101267,63,1,77282.0,2.0,0.0,38641.0
C101268,20,1,234470.8,4.0,15.0,68962.0
C101269,28,1,148336.0,2.0,0.0,74168.0
C101270,40,1,276984.0,5.0,20.0,69246.0
C101271,196,1,164079.0,3.0,10.0,60770.0
C101272,132,1,4177.6,2.0,20.0,2611.0
C101273,137,1,195299.4,4.0,15.0,57441.0
C101274,24,1,88693.2,4.0,10.0,24637.0
C101275,165,1,16121.6,2.0,20.0,10076.0
C101276,210,1,184042.8,4.0,10.0,51123.0
C101277,45,1,38722.95,1.0,5.0,40761.0
C101278,236,1,220152.0,5.0,20.0,55038.0
C101279,150,1,174984.0,4.0,0.0,43746.0
C101280,337,1,43981.2,2.0,10.0,24434.0
C101281,278,1,21935.5,1.0,5.0,23090.0
C101282,48,1,61615.65,1.0,15.0,72489.0
C101283,65,1,85680.0,2.0,0.0,42840.0
C101284,36,1,55162.7,1.0,5.0,58066.0
C101285,2,1,5931.9,1.0,10.0,6591.0
C101286,259,1,238765.5,5.0,10.0,53059.0
C101287,173,1,122584.0,2.0,0.0,61292.0
C101288,64,1,40108.5,5.0,10.0,8913.0
C101289,334,1,122724.0,3.0,20.0,51135.0
C101290,305,1,36014.4,3.0,20.0,15006.0
C101291,328,1,269330.4,4.0,10.0,74814.0
C101292,333,1,110060.8,4.0,20.0,34394.0
C101293,341,1,254760.0,4.0,0.0,63690.0
C101294,271,1,85713.0,3.0,0.0,28571.0
C101295,5,1,221673.0,3.0,0.0,73891.0
C101296,261,1,7883.1,2.0,5.0,4149.0
C101297,143,1,23236.0,5.0,20.0,5809.0
C101298,182,1,77852.5,2.0,5.0,40975.0
C101299,202,1,246592.8,4.0,10.0,68498.0
C101300,359,1,219652.0,4.0,0.0,54913.0
C101301,263,1,60526.8,4.0,10.0,16813.0
C101302,80,1,52463.7,3.0,10.0,19431.0
C101303,16,1,102636.0,2.0,0.0,51318.0
C101304,275,1,82345.6,2.0,20.0,51466.0
C101305,45,1,141449.4,2.0,10.0,78583.0
C101306,315,1,2142.0,4.0,15.0,630.0
C101307,88,1,33053.6,1.0,20.0,41317.0
C101308,352,1,28107.8,1.0,15.0,33068.0
C101309,83,1,183672.0,3.0,0.0,61224.0
C101310,182,1,83759.0,5.0,15.0,19708.0
C101311,112,1,45922.1,2.0,15.0,27013.0
C101312,121,1,43187.95,1.0,5.0,45461.0
C101313,47,1,56399.2,4.0,15.0,16588.0
C101314,311,1,55300.0,1.0,0.0,55300.0
C101315,201,1,103120.0,2.0,20.0,64450.0
C101316,167,1,141646.5,5.0,10.0,31477.0
C101317,77,1,274064.0,5.0,20.0,68516.0
C101318,195,1,212884.2,4.0,15.0,62613.0
C101319,98,1,37154.0,1.0,0.0,37154.0
C101320,294,1,192021.6,3.0,5.0,67376.0
C101321,63,1,44244.2,1.0,15.0,52052.0
C101322,141,1,37312.0,1.0,0.0,37312.0
C101323,355,1,200504.0,4.0,0.0,50126.0
C101324,332,1,134953.2,2.0,10.0,74974.0
C101325,28,1,103757.8,2.0,15.0,61034.0
C101326,350,1,246798.0,4.0,10.0,68555.0
C101327,218,1,34118.0,1.0,0.0,34118.0
C101328,235,1,119740.5,5.0,10.0,26609.0
C101329,223,1,25279.0,4.0,15.0,7435.0
C101330,256,1,226960.2,4.0,15.0,66753.0
C101331,147,1,106061.4,2.0,10.0,58923.0
C101332,113,1,94360.0,2.0,0.0,47180.0
C101333,13,1,39278.0,1.0,0.0,39278.0
C101334,259,1,143096.6,4.0,5.0,37657.0
C101335,273,1,21969.0,1.0,0.0,21969.0
C101336,318,1,54008.1,1.0,10.0,60009.0
C101337,135,1,284604.8,4.0,5.0,74896.0
C101338,313,1,179482.5,3.0,10.0,66475.0
C101339,54,1,45359.65,1.0,5.0,47747.0
C101340,253,1,291069.0,5.0,10.0,64682.0
C101341,339,1,46574.0,2.0,0.0,23287.0
C101342,133,1,34344.4,4.0,5.0,9038.0
C101343,56,1,121123.2,2.0,20.0,75702.0
C101344,308,1,139548.0,2.0,0.0,69774.0
C101345,339,1,73009.4,2.0,5.0,38426.0
C101346,136,1,18103.3,1.0,15.0,21298.0
C101347,213,1,136781.0,5.0,5.0,28796.0
C101348,132,1,152366.4,3.0,20.0,63486.0
C101349,289,1,137335.5,5.0,10.0,30519.0
C101350,36,1,111253.1,2.0,15.0,65443.0
C101351,306,1,38300.2,4.0,5.0,10079.0
C101352,133,1,125535.6,4.0,10.0,34871.0
C101353,124,1,258127.2,4.0,10.0,71702.0
C101354,355,1,6063.0,1.0,0.0,6063.0
C101355,200,1,40692.0,4.0,0.0,10173.0
C101356,5,1,17207.4,4.0,15.0,5061.0
C101357,355,1,64659.5,2.0,15.0,38035.0
C101358,117,1,47187.9,3.0,10.0,17477.0
C101359,201,1,114283.2,3.0,20.0,47618.0
C101360,315,1,112492.0,2.0,0.0,56246.0
C101361,135,1,138716.8,4.0,20.0,43349.0
C101362,244,1,236313.0,5.0,10.0,52514.0
C101363,252,1,139514.0,2.0,0.0,69757.0
C101364,283,1,9081.0,2.0,10.0,5045.0
C101365,261,1,91589.4,3.0,10.0,33922.0
C101366,126,1,26157.6,4.0,10.0,7266.0
C101367,18,1,71661.6,4.0,10.0,19906.0
C101368,165,1,65703.0,3.0,0.0,21901.0
C101369,252,1,143374.6,4.0,15.0,42169.0
C101370,30,1,113051.2,2.0,20.0,70657.0
C101371,284,1,190089.6,3.0,20.0,79204.0
C101372,217,1,245016.4,4.0,5.0,64478.0
C101373,82,1,310985.0,5.0,0.0,62197.0
C101374,302,1,76430.4,3.0,20.0,31846.0
C101375,171,1,156648.2,4.0,15.0,46073.0
C101376,51,1,234889.4,4.0,5.0,61813.0
C101377,92,1,257421.6,4.0,10.0,71506.0
C101378,74,1,167421.6,3.0,10.0,62008.0
C101379,358,1,137720.0,5.0,20.0,34430.0
C101380,64,1,18356.0,1.0,0.0,18356.0
C101381,24,1,331331.5,5.0,5.0,69754.0
C101382,181,1,245128.5,5.0,10.0,54473.0
C101383,291,1,42661.0,1.0,0.0,42661.0
C101384,319,1,205288.0,4.0,0.0,51322.0
C101385,267,1,62488.6,2.0,15.0,36758.0
C101386,192,1,22959.0,5.0,10.0,5102.0
C101387,322,1,51982.1,2.0,5.0,27359.0
C101388,85,1,107733.8,4.0,5.0,28351.0
C101389,161,1,135664.2,3.0,10.0,50246.0
C101390,272,1,32182.2,2.0,5.0,16938.0
C101391,337,1,14135.0,1.0,0.0,14135.0
C101392,118,1,143820.0,4.0,10.0,39950.0
C101393,215,1,62994.35,1.0,15.0,74111.0
C101394,113,1,151899.25,5.0,15.0,35741.0
C101395,78,1,27237.6,3.0,20.0,11349.0
C101396,132,1,66726.4,4.0,20.0,20852.0
C101397,3,1,127410.2,4.0,5.0,33529.0
C101398,228,1,293649.75,5.0,5.0,61821.0
C101399,185,1,36534.0,3.0,0.0,12178.0
C101400,150,1,70980.2,1.0,5.0,74716.0
C101401,350,1,1549.0,1.0,0.0,1549.0
C101402,323,1,9057.3,1.0,5.0,9534.0
C101403,32,1,42192.0,4.0,20.0,13185.0
C101404,285,1,215024.0,5.0,20.0,53756.0
C101405,91,1,20845.4,4.0,15.0,6131.0
C101406,65,1,55053.0,1.0,0.0,55053.0
C101407,258,1,6768.0,5.0,10.0,1504.0
C101408,145,1,24993.0,5.0,10.0,5554.0
C101409,123,1,223400.0,5.0,0.0,44680.0
C101410,82,1,267296.75,5.0,5.0,56273.0
C101411,47,1,66045.0,5.0,15.0,15540.0
C101412,192,1,196585.4,4.0,5.0,51733.0
C101413,131,1,118084.0,2.0,0.0,59042.0
C101414,283,1,267029.2,4.0,15.0,78538.0
C101415,334,1,25732.8,3.0,20.0,10722.0
C101416,254,1,53577.15,3.0,5.0,18799.0
C101417,214,1,1864.05,3.0,15.0,731.0
C101418,123,1,11156.4,4.0,10.0,3099.0
C101419,316,1,173274.2,4.0,15.0,50963.0
C101420,178,1,57336.3,1.0,5.0,60354.0
C101421,357,1,372.3,1.0,15.0,438.0
C101422,339,1,49620.0,1.0,0.0,49620.0
C101423,279,1,22277.6,1.0,20.0,27847.0
C101424,157,1,26349.6,3.0,20.0,10979.0
C101425,323,1,42684.45,3.0,15.0,16739.0
C101426,308,1,86164.8,2.0,20.0,53853.0
C101427,49,1,25743.95,1.0,15.0,30287.0
C101428,232,1,76660.0,2.0,0.0,38330.0
C101429,363,1,10561.15,1.0,5.0,11117.0
C101430,212,1,20236.0,4.0,0.0,5059.0
C101431,190,1,114469.5,2.0,15.0,67335.0
C101432,280,1,171007.25,5.0,15.0,40237.0
C101433,7,1,49876.8,3.0,20.0,20782.0
C101434,53,1,129765.6,3.0,20.0,54069.0
C101435,41,1,299088.0,4.0,0.0,74772.0
C101436,187,1,22307.2,1.0,20.0,27884.0
C101437,59,1,182525.4,4.0,5.0,48033.0
C101438,238,1,123108.0,3.0,20.0,51295.0
C101439,251,1,90002.25,5.0,15.0,21177.0
C101440,165,1,62547.0,1.0,0.0,62547.0
C101441,214,1,92592.0,5.0,10.0,20576.0
C101442,295,1,216797.6,4.0,15.0,63764.0
C101443,189,1,187631.55,3.0,15.0,73581.0
C101444,202,1,148656.5,5.0,15.0,34978.0
C101445,232,1,106484.6,4.0,15.0,31319.0
C101446,152,1,107240.0,5.0,0.0,21448.0
C101447,19,1,89102.4,3.0,20.0,37126.0
C101448,99,1,67724.6,1.0,15.0,79676.0
C101449,306,1,187339.5,3.0,10.0,69385.0
C101450,183,1,345280.5,5.0,10.0,76729.0
C101451,147,1,2062.8,1.0,10.0,2292.0
C101452,296,1,44168.4,2.0,10.0,24538.0
C101453,119,1,176697.6,4.0,20.0,55218.0
C101454,51,1,47987.1,3.0,10.0,17773.0
C101455,210,1,113420.0,5.0,20.0,28355.0
C101456,362,1,214835.8,4.0,15.0,63187.0
C101457,72,1,42427.0,5.0,5.0,8932.0
C101458,279,1,281558.25,5.0,15.0,66249.0
C101459,355,1,275132.0,4.0,0.0,68783.0
C101460,243,1,193414.95,3.0,15.0,75849.0
C101461,180,1,17564.4,1.0,10.0,19516.0
C101462,90,1,48977.1,1.0,10.0,54419.0
C101463,109,1,157312.0,4.0,20.0,49160.0
C101464,100,1,197463.5,5.0,15.0,46462.0
C101465,206,1,52568.1,1.0,10.0,58409.0
C101466,230,1,87086.75,5.0,15.0,20491.0
C101467,53,1,124589.6,4.0,15.0,36644.0
C101468,335,1,132631.2,2.0,10.0,73684.0
C101469,130,1,44269.0,1.0,0.0,44269.0
C101470,110,1,192939.3,3.0,5.0,67698.0
C101471,277,1,22817.1,1.0,5.0,24018.0
C101472,116,1,171450.0,4.0,10.0,47625.0
C101473,56,1,255782.75,5.0,5.0,53849.0
C101474,29,1,1574.4,4.0,20.0,492.0
C101475,130,1,122683.0,4.0,5.0,32285.0
C101476,135,1,126393.6,4.0,20.0,39498.0
C101477,166,1,87771.0,3.0,0.0,29257.0
C101478,290,1,7841.25,3.0,15.0,3075.0
C101479,309,1,18288.0,5.0,20.0,4572.0
C101480,198,1,117768.0,3.0,20.0,49070.0
C101481,95,1,19166.4,1.0,20.0,23958.0
C101482,159,1,127538.0,2.0,0.0,63769.0
C101483,29,1,169588.8,3.0,20.0,70662.0
C101484,275,1,11554.0,1.0,0.0,11554.0
C101485,298,1,92069.25,3.0,5.0,32305.0
C101486,42,1,130950.0,3.0,10.0,48500.0
C101487,83,1,122330.0,2.0,0.0,61165.0
C101488,289,1,7526.7,1.0,10.0,8363.0
C101489,331,1,146145.6,3.0,20.0,60894.0
C101490,178,1,88714.8,4.0,5.0,23346.0
C101491,273,1,30754.0,2.0,0.0,15377.0
C101492,268,1,119429.1,3.0,10.0,44233.0
C101493,326,1,243295.5,5.0,15.0,57246.0
C101494,66,1,32233.7,2.0,15.0,18961.0
C101495,179,1,78448.0,2.0,20.0,49030.0
C101496,141,1,33488.0,1.0,20.0,41860.0
C101497,181,1,64804.0,1.0,0.0,64804.0
C101498,77,1,9910.4,1.0,20.0,12388.0
C101499,173,1,15484.5,1.0,10.0,17205.0
C101500,184,1,114255.0,5.0,10.0,25390.0
C101501,202,1,85924.8,3.0,10.0,31824.0
C101502,111,1,86309.4,4.0,5.0,22713.0
C101503,19,1,118470.0,5.0,0.0,23694.0
C101504,135,1,183254.4,4.0,10.0,50904.0
C101505,324,1,28963.2,3.0,20.0,12068.0
C101506,76,1,274084.0,5.0,20.0,68521.0
C101507,289,1,204688.0,5.0,20.0,51172.0
C101508,29,1,282739.75,5.0,15.0,66527.0
C101509,12,1,314383.5,5.0,10.0,69863.0
C101510,63,1,29941.6,1.0,20.0,37427.0
C101511,249,1,3936.0,3.0,0.0,1312.0
C101512,245,1,6714.4,1.0,20.0,8393.0
C101513,164,1,164304.0,4.0,10.0,45640.0
C101514,316,1,140922.0,2.0,0.0,70461.0
C101515,326,1,121472.0,5.0,20.0,30368.0
C101516,180,1,286991.2,4.0,5.0,75524.0
C101517,340,1,14922.9,3.0,10.0,5527.0
C101518,258,1,325831.0,5.0,5.0,68596.0
C101519,335,1,107555.2,4.0,20.0,33611.0
C101520,238,1,52165.6,1.0,20.0,65207.0
C101521,250,1,64362.5,2.0,5.0,33875.0
C101522,182,1,77499.0,1.0,0.0,77499.0
C101523,269,1,107687.25,3.0,5.0,37785.0
C101524,152,1,51874.65,3.0,15.0,20343.0
C101525,165,1,45578.7,1.0,15.0,53622.0
C101526,100,1,227516.8,4.0,20.0,71099.0
C101527,158,1,360385.0,5.0,0.0,72077.0
C101528,114,1,144914.4,3.0,20.0,60381.0
C101529,265,1,28265.0,1.0,0.0,28265.0
C101530,261,1,106402.5,5.0,10.0,23645.0
C101531,11,1,116648.9,2.0,15.0,68617.0
C101532,219,1,2822.4,1.0,10.0,3136.0
C101533,52,1,101604.75,5.0,15.0,23907.0
C101534,203,1,114025.6,4.0,20.0,35633.0
C101535,58,1,6590.4,1.0,20.0,8238.0
C101536,132,1,347620.5,5.0,10.0,77249.0
C101537,362,1,176697.15,3.0,5.0,61999.0
C101538,339,1,136702.8,2.0,10.0,75946.0
C101539,335,1,78445.3,2.0,5.0,41287.0
C101540,180,1,142473.4,2.0,5.0,74986.0
C101541,58,1,33406.4,2.0,20.0,20879.0
C101542,104,1,125002.8,2.0,10.0,69446.0
C101543,106,1,82395.6,3.0,15.0,32312.0
C101544,50,1,85437.3,2.0,5.0,44967.0
C101545,127,1,34452.2,1.0,15.0,40532.0
C101546,280,1,180194.1,3.0,5.0,63226.0
C101547,159,1,13234.45,1.0,5.0,13931.0
C101548,246,1,9341.5,1.0,15.0,10990.0
C101549,42,1,38412.3,3.0,5.0,13478.0
C101550,291,1,111336.4,4.0,15.0,32746.0
C101551,268,1,20047.25,1.0,15.0,23585.0
C101552,348,1,222262.0,4.0,5.0,58490.0
C101553,46,1,96055.2,4.0,10.0,26682.0
C101554,130,1,8996.4,1.0,15.0,10584.0
C101555,226,1,203709.6,3.0,10.0,75448.0
C101556,117,1,94797.6,3.0,20.0,39499.0
C101557,8,1,154005.6,3.0,20.0,64169.0
C101558,260,1,80767.1,2.0,5.0,42509.0
C101559,30,1,312330.0,5.0,0.0,62466.0
C101560,165,1,50402.4,1.0,20.0,63003.0
C101561,277,1,31611.6,4.0,10.0,8781.0
C101562,336,1,318275.0,5.0,0.0,63655.0
C101563,102,1,329812.75,5.0,15.0,77603.0
C101564,204,1,57858.3,1.0,10.0,64287.0
C101565,27,1,260844.0,4.0,0.0,65211.0
C101566,141,1,64778.0,2.0,0.0,32389.0
C101567,299,1,5100.55,1.0,5.0,5369.0
C101568,272,1,254560.0,4.0,0.0,63640.0
C101569,258,1,54928.0,4.0,20.0,17165.0
C101570,315,1,119982.6,2.0,15.0,70578.0
C101571,63,1,90488.0,2.0,20.0,56555.0
C101572,151,1,39960.0,1.0,20.0,49950.0
C101573,170,1,18040.0,1.0,20.0,22550.0
C101574,111,1,63483.3,1.0,10.0,70537.0
C101575,41,1,51846.0,3.0,0.0,17282.0
C101576,236,1,73231.2,3.0,20.0,30513.0
C101577,166,1,71158.0,2.0,0.0,35579.0
C101578,235,1,131368.35,3.0,15.0,51517.0
C101579,18,1,309939.75,5.0,15.0,72927.0
C101580,16,1,109009.95,3.0,15.0,42749.0
C101581,208,1,206728.0,5.0,20.0,51682.0
C101582,281,1,84906.5,5.0,15.0,19978.0
C101583,354,1,24153.6,4.0,15.0,7104.0
C101584,108,1,23719.0,1.0,0.0,23719.0
C101585,131,1,196642.4,4.0,15.0,57836.0
C101586,145,1,131900.4,3.0,10.0,48852.0
C101587,9,1,103723.2,2.0,20.0,64827.0
C101588,122,1,36704.7,3.0,15.0,14394.0
C101589,186,1,90060.0,3.0,5.0,31600.0
C101590,95,1,396210.0,5.0,0.0,79242.0
C101591,58,1,187616.0,5.0,20.0,46904.0
C101592,3,1,192048.0,4.0,20.0,60015.0
C101593,243,1,29915.2,1.0,20.0,37394.0
C101594,174,1,31499.2,2.0,20.0,19687.0
C101595,104,1,190303.2,4.0,10.0,52862.0
C101596,37,1,89402.6,4.0,5.0,23527.0
C101597,277,1,47382.0,2.0,0.0,23691.0
C101598,355,1,23539.2,4.0,20.0,7356.0
C101599,184,1,200434.5,5.0,10.0,44541.0
C101600,81,1,246316.8,4.0,20.0,76974.0
C101601,72,1,17347.65,1.0,15.0,20409.0
C101602,216,1,12076.2,1.0,10.0,13418.0
C101603,321,1,23783.4,2.0,10.0,13213.0
C101604,216,1,34245.65,1.0,15.0,40289.0
C101605,328,1,73292.8,4.0,20.0,22904.0
C101606,49,1,269527.5,5.0,10.0,59895.0
C101607,63,1,299003.0,5.0,5.0,62948.0
C101608,211,1,20487.55,1.0,15.0,24103.0
C101609,91,1,36540.0,5.0,0.0,7308.0
C101610,229,1,125460.0,2.0,15.0,73800.0
C101611,219,1,208232.4,4.0,5.0,54798.0
C101612,159,1,80748.0,5.0,10.0,17944.0
C101613,27,1,96002.25,5.0,5.0,20211.0
C101614,229,1,59919.9,3.0,15.0,23498.0
C101615,245,1,157596.0,4.0,0.0,39399.0
C101616,298,1,209138.4,4.0,10.0,58094.0
C101617,323,1,16016.05,1.0,5.0,16859.0
C101618,148,1,111162.0,2.0,0.0,55581.0
C101619,320,1,42399.7,2.0,15.0,24941.0
C101620,107,1,178502.4,3.0,20.0,74376.0
C101621,341,1,35074.4,2.0,15.0,20632.0
C101622,17,1,223599.0,3.0,0.0,74533.0
C101623,107,1,67158.0,1.0,10.0,74620.0
C101624,122,1,187617.0,3.0,0.0,62539.0
C101625,41,1,157111.0,5.0,5.0,33076.0
C101626,151,1,18460.4,2.0,5.0,9716.0
C101627,164,1,23697.0,3.0,0.0,7899.0
C101628,184,1,41974.4,4.0,20.0,13117.0
C101629,318,1,307734.0,5.0,15.0,72408.0
C101630,203,1,172758.45,3.0,5.0,60617.0
C101631,244,1,214207.2,4.0,10.0,59502.0
C101632,327,1,179769.0,3.0,0.0,59923.0
C101633,243,1,10800.9,1.0,10.0,12001.0
C101634,340,1,231300.0,5.0,20.0,57825.0
C101635,238,1,153744.0,2.0,0.0,76872.0
C101636,357,1,8090.0,1.0,0.0,8090.0
C101637,154,1,68426.7,2.0,15.0,40251.0
C101638,353,1,188236.8,3.0,20.0,78432.0
C101639,176,1,233160.0,4.0,0.0,58290.0
C101640,117,1,79300.0,5.0,0.0,15860.0
C101641,90,1,138894.75,3.0,5.0,48735.0
C101642,129,1,130148.0,2.0,0.0,65074.0
C101643,261,1,115650.0,2.0,10.0,64250.0
C101644,59,1,319184.0,5.0,20.0,79796.0
C101645,330,1,234319.5,5.0,10.0,52071.0
C101646,69,1,171469.65,3.0,15.0,67243.0
C101647,166,1,111911.0,4.0,15.0,32915.0
C101648,356,1,168141.6,4.0,10.0,46706.0
C101649,118,1,70335.0,1.0,10.0,78150.0
C101650,57,1,141405.6,3.0,5.0,49616.0
C101651,24,1,78910.2,3.0,10.0,29226.0
C101652,288,1,314720.75,5.0,5.0,66257.0
C101653,93,1,67114.0,2.0,0.0,33557.0
C101654,173,1,8040.0,1.0,20.0,10050.0
C101655,203,1,60072.9,1.0,15.0,70674.0
C101656,106,1,247336.0,5.0,20.0,61834.0
C101657,73,1,3088.8,4.0,10.0,858.0
C101658,95,1,137853.0,3.0,0.0,45951.0
C101659,127,1,111041.7,3.0,5.0,38962.0
C101660,11,1,17955.0,1.0,0.0,17955.0
C101661,150,1,189215.0,5.0,0.0,37843.0
C101662,45,1,73128.0,2.0,0.0,36564.0
C101663,125,1,21460.8,4.0,15.0,6312.0
C101664,71,1,79902.0,2.0,0.0,39951.0
C101665,166,1,258833.2,4.0,5.0,68114.0
C101666,256,1,126374.7,2.0,5.0,66513.0
C101667,277,1,143628.8,4.0,20.0,44884.0
C101668,208,1,181097.6,4.0,15.0,53264.0
C101669,164,1,101235.0,4.0,15.0,29775.0
C101670,22,1,126572.4,2.0,10.0,70318.0
C101671,335,1,155298.6,3.0,10.0,57518.0
C101672,222,1,33129.9,1.0,10.0,36811.0
C101673,238,1,150836.4,4.0,10.0,41899.0
C101674,103,1,110175.3,2.0,5.0,57987.0
C101675,174,1,22385.7,3.0,10.0,8291.0
C101676,34,1,68528.7,3.0,10.0,25381.0
C101677,57,1,78645.6,3.0,20.0,32769.0
C101678,215,1,225594.0,4.0,10.0,62665.0
C101679,230,1,28062.0,2.0,10.0,15590.0
C101680,106,1,36759.3,3.0,5.0,12898.0
C101681,306,1,190710.6,4.0,5.0,50187.0
C101682,99,1,235224.0,5.0,20.0,58806.0
C101683,349,1,47614.95,3.0,5.0,16707.0
C101684,80,1,30916.8,3.0,20.0,12882.0
C101685,96,1,68233.75,5.0,15.0,16055.0
C101686,176,1,21162.0,2.0,0.0,10581.0
C101687,112,1,211342.5,5.0,10.0,46965.0
C101688,237,1,104960.0,2.0,0.0,52480.0
C101689,68,1,136110.6,2.0,10.0,75617.0
C101690,90,1,18868.8,3.0,20.0,7862.0
C101691,306,1,115660.8,4.0,20.0,36144.0
C101692,60,1,80814.6,3.0,15.0,31692.0
C101693,251,1,187417.6,4.0,20.0,58568.0
C101694,24,1,26160.3,3.0,10.0,9689.0
C101695,118,1,65436.95,1.0,5.0,68881.0
C101696,343,1,73989.8,4.0,5.0,19471.0
C101697,181,1,101187.4,2.0,15.0,59522.0
C101698,183,1,140740.2,2.0,10.0,78189.0
C101699,95,1,176180.4,3.0,10.0,65252.0
C101700,211,1,29934.45,3.0,15.0,11739.0
C101701,247,1,178053.0,3.0,0.0,59351.0
C101702,281,1,13758.4,1.0,20.0,17198.0
C101703,283,1,24672.0,3.0,0.0,8224.0
C101704,93,1,57316.0,4.0,0.0,14329.0
C101705,208,1,55776.0,2.0,20.0,34860.0
C101706,110,1,182620.4,4.0,5.0,48058.0
C101707,235,1,261298.5,5.0,15.0,61482.0
C101708,25,1,45771.0,3.0,0.0,15257.0
C101709,183,1,6861.6,2.0,10.0,3812.0
C101710,155,1,18492.0,3.0,0.0,6164.0
C101711,113,1,136268.6,4.0,15.0,40079.0
C101712,160,1,52767.15,3.0,15.0,20693.0
C101713,360,1,43545.6,4.0,10.0,12096.0
C101714,46,1,95924.0,5.0,20.0,23981.0
C101715,115,1,80392.0,2.0,20.0,50245.0
C101716,266,1,55389.6,1.0,20.0,69237.0
C101717,195,1,185475.0,3.0,0.0,61825.0
C101718,83,1,112347.0,2.0,5.0,59130.0
C101719,102,1,110322.0,2.0,10.0,61290.0
C101720,172,1,19247.4,2.0,15.0,11322.0
C101721,110,1,73005.0,1.0,0.0,73005.0
C101722,95,1,83376.75,3.0,5.0,29255.0
C101723,196,1,168515.1,3.0,10.0,62413.0
C101724,60,1,210840.0,4.0,0.0,52710.0
C101725,316,1,316735.0,5.0,0.0,63347.0
C101726,344,1,39687.0,3.0,0.0,13229.0
C101727,230,1,270446.0,4.0,5.0,71170.0
C101728,317,1,164372.4,4.0,10.0,45659.0
C101729,260,1,244245.0,5.0,0.0,48849.0
C101730,299,1,329631.0,5.0,5.0,69396.0
C101731,60,1,16584.0,1.0,0.0,16584.0
C101732,263,1,61741.45,1.0,15.0,72637.0
C101733,108,1,154252.0,4.0,0.0,38563.0
C101734,14,1,145122.0,3.0,0.0,48374.0
C101735,331,1,33777.3,2.0,15.0,19869.0
C101736,89,1,359579.75,5.0,5.0,75701.0
C101737,243,1,110453.25,5.0,15.0,25989.0
C101738,40,1,57866.4,3.0,5.0,20304.0
C101739,34,1,3958.4,4.0,20.0,1237.0
C101740,272,1,74788.0,5.0,20.0,18697.0
C101741,198,1,213315.2,4.0,20.0,66661.0
C101742,206,1,27752.4,1.0,10.0,30836.0
C101743,301,1,73438.0,2.0,0.0,36719.0
C101744,228,1,47373.9,3.0,15.0,18578.0
C101745,249,1,97680.0,2.0,0.0,48840.0
C101746,129,1,19148.0,5.0,20.0,4787.0
C101747,236,1,220191.0,3.0,0.0,73397.0
C101748,318,1,15808.5,3.0,10.0,5855.0
C101749,284,1,69430.4,2.0,20.0,43394.0
C101750,32,1,76345.0,5.0,0.0,15269.0
C101751,268,1,23803.0,1.0,0.0,23803.0
C101752,26,1,239407.6,4.0,15.0,70414.0
C101753,325,1,8644.5,1.0,15.0,10170.0
C101754,252,1,67433.4,1.0,10.0,74926.0
C101755,171,1,13389.3,1.0,5.0,14094.0
C101756,181,1,18864.0,1.0,20.0,23580.0
C101757,17,1,12137.2,1.0,5.0,12776.0
C101758,180,1,113287.2,3.0,20.0,47203.0
C101759,236,1,138312.0,2.0,10.0,76840.0
C101760,33,1,63061.95,1.0,5.0,66381.0
C101761,106,1,48704.4,2.0,10.0,27058.0
C101762,196,1,48120.2,1.0,15.0,56612.0
C101763,284,1,113964.6,3.0,15.0,44692.0
C101764,355,1,120171.2,2.0,20.0,75107.0
C101765,233,1,5739.0,3.0,0.0,1913.0
C101766,193,1,133165.25,5.0,15.0,31333.0
C101767,212,1,118600.8,3.0,20.0,49417.0
C101768,200,1,137563.2,4.0,10.0,38212.0
C101769,114,1,170003.2,4.0,20.0,53126.0
C101770,192,1,109206.3,2.0,15.0,64239.0
C101771,343,1,22480.8,1.0,20.0,28101.0
C101772,302,1,30415.5,5.0,10.0,6759.0
C101773,306,1,8040.0,4.0,0.0,2010.0
C101774,247,1,179737.2,4.0,10.0,49927.0
C101775,62,1,36257.0,1.0,0.0,36257.0
C101776,171,1,21572.1,1.0,10.0,23969.0
C101777,176,1,65835.0,5.0,10.0,14630.0
C101778,222,1,80965.0,5.0,0.0,16193.0
C101779,225,1,77832.0,4.0,0.0,19458.0
C101780,124,1,219708.0,4.0,15.0,64620.0
C101781,273,1,63255.6,1.0,10.0,70284.0
C101782,157,1,114132.0,5.0,20.0,28533.0
C101783,184,1,160290.0,4.0,10.0,44525.0
C101784,66,1,23681.0,2.0,15.0,13930.0
C101785,103,1,30418.2,1.0,10.0,33798.0
C101786,25,1,159447.0,3.0,0.0,53149.0
C101787,60,1,156744.0,3.0,20.0,65310.0
C101788,299,1,48417.7,2.0,15.0,28481.0
C101789,131,1,77140.0,5.0,0.0,15428.0
C101790,141,1,111859.2,2.0,10.0,62144.0
C101791,27,1,114324.9,2.0,5.0,60171.0
C101792,308,1,111086.5,5.0,15.0,26138.0
C101793,206,1,114012.0,4.0,0.0,28503.0
C101794,220,1,299848.5,5.0,10.0,66633.0
C101795,27,1,5925.15,1.0,5.0,6237.0
C101796,179,1,33559.2,2.0,10.0,18644.0
C101797,231,1,92817.0,5.0,10.0,20626.0
C101798,27,1,107838.0,2.0,10.0,59910.0
C101799,112,1,4676.85,3.0,5.0,1641.0
C101800,361,1,30525.4,4.0,5.0,8033.0
C101801,346,1,15890.0,2.0,0.0,7945.0
C101802,99,1,293108.0,4.0,0.0,73277.0
C101803,215,1,160065.0,5.0,10.0,35570.0
C101804,38,1,18357.8,2.0,5.0,9662.0
C101805,135,1,96301.6,4.0,15.0,28324.0
C101806,235,1,299411.5,5.0,5.0,63034.0
C101807,307,1,108902.3,2.0,5.0,57317.0
C101808,288,1,160872.0,4.0,0.0,40218.0
C101809,288,1,139854.75,5.0,15.0,32907.0
C101810,70,1,165329.1,3.0,10.0,61233.0
C101811,246,1,64085.1,1.0,5.0,67458.0
C101812,308,1,672.0,1.0,20.0,840.0
C101813,300,1,107385.6,2.0,20.0,67116.0
C101814,45,1,210002.4,4.0,10.0,58334.0
C101815,317,1,195912.0,3.0,10.0,72560.0
C101816,31,1,12939.0,3.0,0.0,4313.0
C101817,236,1,44588.25,3.0,5.0,15645.0
C101818,95,1,63482.0,2.0,0.0,31741.0
C101819,205,1,94523.4,2.0,15.0,55602.0
C101820,211,1,91686.4,2.0,5.0,48256.0
C101821,30,1,33411.0,3.0,0.0,11137.0
C101822,160,1,68922.5,2.0,5.0,36275.0
C101823,57,1,135458.4,3.0,20.0,56441.0
C101824,86,1,133336.8,4.0,10.0,37038.0
C101825,35,1,124475.0,5.0,0.0,24895.0
C101826,107,1,17006.9,1.0,5.0,17902.0
C101827,342,1,64578.75,1.0,15.0,75975.0
C101828,54,1,196524.8,4.0,20.0,61414.0
C101829,150,1,167157.6,3.0,15.0,65552.0
C101830,351,1,113263.35,3.0,15.0,44417.0
C101831,139,1,33028.8,2.0,20.0,20643.0
C101832,41,1,15658.0,2.0,0.0,7829.0
C101833,251,1,276929.75,5.0,5.0,58301.0
C101834,252,1,121023.0,4.0,15.0,35595.0
C101835,358,1,141113.0,2.0,5.0,74270.0
C101836,212,1,248814.5,5.0,5.0,52382.0
C101837,274,1,13364.0,1.0,20.0,16705.0
C101838,323,1,135809.6,4.0,15.0,39944.0
C101839,357,1,55032.0,4.0,0.0,13758.0
C101840,288,1,107418.0,3.0,0.0,35806.0
C101841,178,1,187675.0,5.0,0.0,37535.0
C101842,311,1,257507.5,5.0,15.0,60590.0
C101843,148,1,35769.6,4.0,20.0,11178.0
C101844,238,1,27285.0,4.0,15.0,8025.0
C101845,139,1,79349.4,2.0,10.0,44083.0
C101846,251,1,142664.85,3.0,15.0,55947.0
C101847,2,1,214195.75,5.0,15.0,50399.0
C101848,18,1,186615.9,3.0,10.0,69117.0
C101849,259,1,165282.9,3.0,5.0,57994.0
C101850,72,1,3931.1,2.0,5.0,2069.0
C101851,124,1,13990.15,1.0,15.0,16459.0
C101852,251,1,295450.0,4.0,5.0,77750.0
C101853,288,1,37875.6,4.0,10.0,10521.0
C101854,205,1,49056.1,2.0,5.0,25819.0
C101855,237,1,32840.0,4.0,0.0,8210.0
C101856,75,1,199950.6,4.0,15.0,58809.0
C101857,254,1,20169.0,5.0,10.0,4482.0
C101858,46,1,61987.1,1.0,15.0,72926.0
C101859,135,1,52968.2,1.0,5.0,55756.0
C101860,80,1,22782.6,2.0,10.0,12657.0
C101861,91,1,160226.4,3.0,20.0,66761.0
C101862,73,1,52137.6,3.0,20.0,21724.0
C101863,177,1,270545.75,5.0,5.0,56957.0
C101864,279,1,110224.6,2.0,15.0,64838.0
C101865,86,1,8463.45,1.0,15.0,9957.0
C101866,350,1,239571.0,3.0,0.0,79857.0
C101867,244,1,283900.5,5.0,10.0,63089.0
C101868,134,1,314716.0,5.0,5.0,66256.0
C101869,342,1,4286.55,1.0,15.0,5043.0
C101870,20,1,52637.6,1.0,5.0,55408.0
C101871,56,1,23554.4,1.0,20.0,29443.0
C101872,124,1,90234.3,2.0,15.0,53079.0
C101873,199,1,273104.0,5.0,20.0,68276.0
C101874,122,1,34525.0,5.0,0.0,6905.0
C101875,268,1,78113.3,2.0,15.0,45949.0
C101876,126,1,60379.2,1.0,10.0,67088.0
C101877,311,1,82004.4,4.0,10.0,22779.0
C101878,111,1,12630.4,4.0,20.0,3947.0
C101879,297,1,213974.75,5.0,15.0,50347.0
C101880,242,1,64422.0,1.0,10.0,71580.0
C101881,179,1,85508.0,4.0,0.0,21377.0
C101882,180,1,40261.0,5.0,5.0,8476.0
C101883,268,1,158636.0,2.0,0.0,79318.0
C101884,176,1,249736.0,4.0,0.0,62434.0
C101885,205,1,17320.5,5.0,10.0,3849.0
C101886,170,1,132750.0,2.0,0.0,66375.0
C101887,250,1,72042.0,3.0,0.0,24014.0
C101888,13,1,282628.0,4.0,0.0,70657.0
C101889,352,1,300404.0,4.0,0.0,75101.0
C101890,95,1,201128.0,4.0,0.0,50282.0
C101891,167,1,16655.4,2.0,10.0,9253.0
C101892,160,1,15300.0,3.0,0.0,5100.0
C101893,263,1,26395.2,3.0,10.0,9776.0
C101894,91,1,72868.0,1.0,0.0,72868.0
C101895,347,1,258824.0,5.0,20.0,64706.0
C101896,59,1,208467.2,4.0,20.0,65146.0
C101897,133,1,197523.0,3.0,0.0,65841.0
C101898,139,1,141196.5,5.0,10.0,31377.0
C101899,362,1,331526.25,5.0,5.0,69795.0
C101900,335,1,15475.95,1.0,15.0,18207.0
C101901,242,1,24468.0,4.0,0.0,6117.0
C101902,321,1,118893.0,3.0,0.0,39631.0
C101903,239,1,342323.0,5.0,5.0,72068.0
C101904,2,1,37148.4,4.0,15.0,10926.0
C101905,151,1,229040.25,5.0,5.0,48219.0
C101906,221,1,143960.0,5.0,20.0,35990.0
C101907,193,1,299132.0,4.0,0.0,74783.0
C101908,37,1,64746.0,4.0,10.0,17985.0
C101909,48,1,26010.85,1.0,15.0,30601.0
C101910,108,1,10758.4,2.0,20.0,6724.0
C101911,339,1,290236.0,4.0,0.0,72559.0
C101912,139,1,49474.8,2.0,10.0,27486.0
C101913,297,1,86074.75,5.0,5.0,18121.0
C101914,296,1,136841.8,2.0,5.0,72022.0
C101915,72,1,64821.0,4.0,15.0,19065.0
C101916,285,1,6454.8,1.0,10.0,7172.0
C101917,283,1,27522.15,1.0,15.0,32379.0
C101918,304,1,255735.0,5.0,0.0,51147.0
C101919,51,1,296876.0,5.0,20.0,74219.0
C101920,216,1,32892.3,1.0,10.0,36547.0
C101921,223,1,22184.0,4.0,0.0,5546.0
C101922,130,1,101223.0,3.0,0.0,33741.0
C101923,262,1,140130.0,3.0,0.0,46710.0
C101924,336,1,125052.0,5.0,20.0,31263.0
C101925,150,1,6712.45,1.0,15.0,7897.0
C101926,245,1,39511.2,3.0,20.0,16463.0
C101927,235,1,9313.0,1.0,0.0,9313.0
C101928,89,1,7502.95,1.0,15.0,8827.0
C101929,362,1,178816.0,4.0,0.0,44704.0
C101930,22,1,33144.0,3.0,0.0,11048.0
C101931,141,1,51419.7,1.0,10.0,57133.0
C101932,30,1,158010.0,2.0,0.0,79005.0
C101933,294,1,101102.0,2.0,0.0,50551.0
C101934,277,1,124355.0,5.0,5.0,26180.0
C101935,58,1,184658.4,3.0,20.0,76941.0
C101936,122,1,127094.0,2.0,0.0,63547.0
C101937,92,1,40712.0,1.0,20.0,50890.0
C101938,140,1,31472.0,2.0,20.0,19670.0
C101939,22,1,13322.4,3.0,20.0,5551.0
C101940,108,1,37575.0,5.0,10.0,8350.0
C101941,89,1,128377.8,2.0,10.0,71321.0
C101942,205,1,99037.5,2.0,5.0,52125.0
C101943,292,1,46078.8,2.0,5.0,24252.0
C101944,210,1,88777.6,4.0,20.0,27743.0
C101945,265,1,72216.0,5.0,20.0,18054.0
C101946,257,1,74508.0,2.0,0.0,37254.0
C101947,42,1,59155.2,1.0,10.0,65728.0
C101948,3,1,28665.6,1.0,20.0,35832.0
C101949,216,1,174704.0,4.0,0.0,43676.0
C101950,311,1,263696.0,4.0,0.0,65924.0
C101951,93,1,53701.6,1.0,20.0,67127.0
C101952,151,1,161420.1,3.0,15.0,63302.0
C101953,342,1,50752.8,3.0,20.0,21147.0
C101954,281,1,38331.0,5.0,10.0,8518.0
C101955,344,1,77184.0,2.0,0.0,38592.0
C101956,317,1,103143.25,5.0,15.0,24269.0
C101957,248,1,87714.0,4.0,10.0,24365.0
C101958,30,1,121298.85,3.0,5.0,42561.0
C101959,51,1,131059.8,3.0,15.0,51396.0
C101960,242,1,66271.2,3.0,20.0,27613.0
C101961,155,1,43365.3,3.0,15.0,17006.0
C101962,98,1,60435.0,2.0,15.0,35550.0
C101963,128,1,62923.8,2.0,15.0,37014.0
C101964,50,1,56761.2,2.0,10.0,31534.0
C101965,19,1,226920.0,5.0,20.0,56730.0
C101966,238,1,106823.75,5.0,15.0,25135.0
C101967,8,1,205038.0,3.0,10.0,75940.0
C101968,49,1,128422.4,4.0,20.0,40132.0
C101969,152,1,127461.75,5.0,15.0,29991.0
C101970,130,1,283115.0,5.0,0.0,56623.0
C101971,11,1,66813.4,1.0,15.0,78604.0
C101972,262,1,50239.2,1.0,20.0,62799.0
C101973,283,1,146908.0,2.0,0.0,73454.0
C101974,244,1,317025.0,5.0,0.0,63405.0
C101975,119,1,30544.2,1.0,10.0,33938.0
C101976,197,1,208613.8,4.0,15.0,61357.0
C101977,234,1,118020.4,2.0,5.0,62116.0
C101978,207,1,11098.0,2.0,0.0,5549.0
C101979,13,1,26267.4,1.0,10.0,29186.0
C101980,58,1,43291.35,3.0,15.0,16977.0
C101981,147,1,208759.5,5.0,10.0,46391.0
C101982,148,1,21859.2,2.0,20.0,13662.0
C101983,360,1,95780.0,5.0,0.0,19156.0
C101984,155,1,247128.0,4.0,0.0,61782.0
C101985,308,1,154696.6,4.0,15.0,45499.0
C101986,130,1,190403.4,3.0,15.0,74668.0
C101987,339,1,54000.0,2.0,10.0,30000.0
C101988,352,1,51371.25,3.0,5.0,18025.0
C101989,248,1,114548.4,2.0,10.0,63638.0
C101990,278,1,59751.0,1.0,0.0,59751.0
C101991,170,1,23203.8,1.0,10.0,25782.0
C101992,209,1,94244.0,5.0,20.0,23561.0
C101993,267,1,63414.0,3.0,0.0,21138.0
C101994,84,1,218804.0,5.0,5.0,46064.0
C101995,300,1,162993.4,4.0,5.0,42893.0
C101996,328,1,50333.4,2.0,10.0,27963.0
C101997,297,1,158461.25,5.0,15.0,37285.0
C101998,142,1,16626.9,2.0,5.0,8751.0
C101999,287,1,251598.0,4.0,5.0,66210.0
